Lien d'affiliation,Titre de l'article,Couleur,Image URL
https://amzn.to/3H7ps4V,"Vesgantti Canapé 2 Places en Tissu Velours Beige, 165cm Style Moderne Scandinave pour Salon, Appartement, Petit Espace, Pieds Bois Massif, 168x88x75",Beige,https://m.media-amazon.com/images/I/81ZhDwep2OL._AC_SX522_.jpg
https://amzn.to/3YVuAzd,"Causeuse moderne, canapé dans une boîte, pas de montage nécessaire, avec 2 coussins, lin résistant aux griffures de chat, petit canapé pour petit espace, salon, chambre, Beige",Beige,https://m.media-amazon.com/images/I/81UP1CpRSSL._AC_SX522_.jpg
https://amzn.to/4k9cNwS,"Sapgaks Canapé sectionnel en U Moderne,canapé 4 Places,Meuble rembourré Design Moderne,Tissu Chenille (Beige)",Beige,https://m.media-amazon.com/images/I/81UKvWfXRIL._AC_SX522_.jpg
https://amzn.to/3FlGD2g,"Seyakany Canapé 4 Places Moderne avec Coussins,canapé d'angle 3 Places avec Repose-Pieds Amovible,canapé sectionnel Moderne en L, en Tissu Chenille, 216x161x81cm,pour Salon/Appartement,Beige",Beige,https://m.media-amazon.com/images/I/91w0cDj+K-L._AC_SX522_.jpg
https://amzn.to/43JPjZq,Guyii Très Grand Fauteuil Simple en Tissu Anti - Poil de Lapin avec 1 Coussin canapé Salon mobilier Fauteuil Moderne pour Bureau Maison Beige (Canapé 1 Places),Beige,https://m.media-amazon.com/images/I/81Dr4mwVERL._AC_SX522_.jpg
https://amzn.to/43aZCWk,"Lisa Design - Mahina - canapé d'angle Droit - 4 Places - Convertible avec Coffre - en Tissu Bouclette, Beige",Beige,https://m.media-amazon.com/images/I/819fOhJgWnL._AC_SX522_.jpg
https://amzn.to/4jnjCdc,Best Mobilier - Canapé d'angle Convertible avec Coffre - Angle Gauche - Candela en Tissu Bouclette - Canapé Lit - Sofa Beige 4 Places - Salon,Beige,https://m.media-amazon.com/images/I/714xYr4qWfL._AC_SX522_.jpg
https://amzn.to/3FvSsTn,Lisa Design - Canapé d'angle Convertible avec Coffre Réversible Sorrente en Tissu Texturé - Canapé Lit - Sofa Beige 4 Places - Angle Droit - ou Gauche - Salon,Beige,https://m.media-amazon.com/images/I/51gcQIUTwAL._AC_SX522_.jpg
https://amzn.to/3SWYTSt,Habitat et Jardin Canapé d'angle Tissu Monceau - 3 Places - Beige,Beige,https://m.media-amazon.com/images/I/416q-LkKVJL._AC_SX522_.jpg
https://amzn.to/4jj3bP0,mb-moebel Lisbon Canapé d'angle Convertible en Bouclette avec Coffre – Canapé 3 Places Modulable – Canapé Lit pour Couchage & Rangement – Design Moderne pour Salon (Creme (Anthology 20)),Vert,https://m.media-amazon.com/images/I/81R+ySFWnxL._AC_SX522_.jpg
https://amzn.to/4joal4D,"Seyakany Canapé 4 Places Moderne avec Coussins,canapé d'angle 3 Places avec Repose-Pieds Amovible,canapé sectionnel Moderne en L, en Tissu Chenille, 216x161x81cm,pour Salon/Appartement,Beige",Beige,https://m.media-amazon.com/images/I/91w0cDj+K-L._AC_SX522_.jpg
https://amzn.to/4jhDaiU,Best Mobilier - Canapé Convertible avec Coffre Topaze en Velours Côtelé - Canapé Lit - Sofa Beige 3 Places - Salon,Beige,https://m.media-amazon.com/images/I/81k1NaxYJfL._AC_SX522_.jpg
https://amzn.to/4jh0PA6,"Wyibwy Canapé Chaise Longue Confortable, Aucun Assemblage requis, canapé d'angle avec Coussins, Poches latérales pour téléphones Portables ou télécommandes, soigné et élégant, Jaune",Jaune,https://m.media-amazon.com/images/I/715uKFMVmYL._AC_SX522_.jpg
https://amzn.to/44IJpZC,KIBONCY Compression De Compression sous Vide Moderne Canapé Paresseux ， Lit De Canapé Paresseux Portable ， Chaise De Couchage De Canapé Paresseux ， Simplicité Et Polyvalence White-85 * 85 * 70cm,Vert,https://m.media-amazon.com/images/I/71dCNF2GOSL._AC_SX522_.jpg
https://amzn.to/4ktKBEI,GREKPOL Canapé d'angle Convertible 145x248 à Gauche ou à Droite - Canapé 3 Places Convertible Crème avec Espace de Rangement,Vert,https://m.media-amazon.com/images/I/71xe7nx3nkL._AC_SX522_.jpg
https://amzn.to/4mrTvUW,GREKPOL Canapé d'angle Convertible 278x145 à Gauche ou à Droite - Canapé 3 Places Convertible - Canapé avec Espace de Rangement - Canapé Lit - Canapé Convertible - Sofa XL,Vert,https://m.media-amazon.com/images/I/61N3mShrzCL._AC_SX522_.jpg
https://amzn.to/4k8M0B1,"YEHTOKHOME Canapé d'angle en Forme de L avec Coussins Meuble Rembourré Canapé 3 Places avec Repose-Pieds Canapé Moderne de Loisirs pour Salon, Chambre à Coucher, Tissu Chenille (Beige)",Beige,https://m.media-amazon.com/images/I/71k8URz8utL._AC_SX522_.jpg
https://amzn.to/4k6e489,"Zepneiy Canapé Convertible 3 Places en L avec USB et étagère intégrée, Canapé d'angle Convertible avec Espace de Rangement, Canapé 3 Places Canapé Lit, Canapé Convertible Angle Gauche et Droit",Vert,https://m.media-amazon.com/images/I/81tx-9v5mGL._AC_SX522_.jpg
https://amzn.to/4kmIuT2,"YEHTOKHOME Canapé Moderne 3 Places avec Espace de Rangement et Porte-gobelets, canapé-lit en L avec Fonction de Couchage, Multifonctionnel canapé rembourré pour Salon (Beige 1)",Beige,https://m.media-amazon.com/images/I/71hiA1efEVL._AC_SX522_.jpg
https://amzn.to/4k4NPi7,YKSJDFH Canapé en mousse compressée - Canapé-lit pliant Canapé convertible de salon Canapé convertible en boîte Canapé désossé Canapé-lit pliable en mousse à mémoire de forme Canapé compressé en boîte,Vert,https://m.media-amazon.com/images/I/71B2s1HokKL._AC_SX522_.jpg
https://amzn.to/4krsnUe,"DataBaste Canapé à Compression，Canapé-lit Confortable，pour Salon et Chambre à Coucher(White,150 * 60 * 60cm/59 * 23.6 * 23.6in)",Noir,https://m.media-amazon.com/images/I/61iRDjHRoBL._AC_SX522_.jpg
https://amzn.to/4mroiBm,BAÏTA Canapé Droit Convertible Nova 3 Places en Velours côtelé Jaune,Vert,https://m.media-amazon.com/images/I/81QkqUO-MvL._AC_SX522_.jpg
https://amzn.to/3SJGd8O,BUDWING Fox Canapé d'angle 3 Places Chaise Longue Reversible Gauche ou Droite (Gris Foncé),Gris,https://m.media-amazon.com/images/I/61ICJqpKveL._AC_SX522_.jpg
https://amzn.to/4k8JhaG,Habitat et Jardin - Canapé d'angle Convertible et Réversible Alain 3 Places Noir et Gris - Canapé Lit Moderne en Tissu Lin - Espace de Stockage (Méridienne) - Design,Noir,https://m.media-amazon.com/images/I/51jpaQYf3mL._AC_SX522_.jpg
https://amzn.to/4k8CPR4,"Best Mobilier - Cyrus - canapé d'angle réversible 4 Places - Convertible avec Coffre - en Velours côtelé, Terracotta",Vert,https://m.media-amazon.com/images/I/81c3Oc8Q6BL._AC_SX522_.jpg
https://amzn.to/4k6JOKk,"YEHTOKHOME Canapé d'angle en Forme de L avec Coussins Meuble Rembourré Canapé 3 Places Canapé Moderne de Loisirs pour Salon, Chambre à Coucher, Lin (Beige)",Beige,https://m.media-amazon.com/images/I/71OdfvYBapL._AC_SX522_.jpg
https://amzn.to/4jhb3AB,"mb-moebel Canapé Confortable avec Fonction Sommeil, Revêtement Bouclé élégant, (LxHxP):210x88x104 cm - Fluffy en Bouclette (Blanc (Anthology 1))",Blanc,https://m.media-amazon.com/images/I/71Hw3cgzaCL._AC_SX522_.jpg
https://amzn.to/4ksI4KZ,Robin Diana Canapé Convertible avec oreillers et appuie-têtes réglables Moderne élégant Noir Blanc 230 x 95 x 90,Noir,https://m.media-amazon.com/images/I/71qCvEj6ICL._AC_SX522_.jpg
https://amzn.to/43vY889,mb-moebel Canapé Convertible avec Fonction Lit – Clic Clac 3 Places Convertible en Lit avec Poche de Rangement | Canapé Lit Convertible – Structure Robuste – Pouch (Vert - Aragon 39),Vert,https://m.media-amazon.com/images/I/81baNgS4FkL._AC_SX522_.jpg
https://amzn.to/4k68y5l,mb-moebel Canapé en lit Convertible avec Coffre de Rangement 3 Places Relax Droit - en Tissu - Salon & séjour - 229x97x95cm - Carla (Orange - Jasmine50),Vert,https://m.media-amazon.com/images/I/5195p4QRa3L._AC_SX522_.jpg
https://amzn.to/44JgcxG,mb-moebel Canapé en lit Convertible avec Coffre de Rangement 3 Places Relax Droit - en Tissu Velours Beige Taupe Marron Clair - Salon & séjour - California (Rouge vin (Kronos 02)),Beige,https://m.media-amazon.com/images/I/6170ORB4rZL._AC_SX522_.jpg
https://amzn.to/3H5JbBT,"mb-moebel Canapé basculant Clic-Clack Canapé pour Salon à Ressorts Canapé Convertible, (LxHxP):192x95x92 cm - avec Coffre de lit et Fonction Sommeil - Canapé-lit BELFI (Crème (Twist 01))",Vert,https://m.media-amazon.com/images/I/814cXyKKjLL._AC_SX522_.jpg
https://amzn.to/43scc2m,"BAÏTA Canapé d'angle Convertible Lea XL 5 Places, avec Angle Reversible et Coffre de Rangement, en Velours côtelé Terracotta",Vert,https://m.media-amazon.com/images/I/71-KS2AQnBL._AC_SX522_.jpg
https://amzn.to/4dsR1BT,Cavadore Canapé-lit Puccino,Blanc,https://m.media-amazon.com/images/I/71gqtUg7KXL._AC_SX522_.jpg
https://amzn.to/3YTvgoJ,mb-moebel Canapé pour Salon Canapé-lit Sofa avec appuie-tête réglable Forme en U Canapé d'angle Paysage d'assise avec Fonction Couchage et Coffre de Rangement - Luka U (Gris Clair (Twist 19)),Gris,https://m.media-amazon.com/images/I/81XWSzI06aL._AC_SX522_.jpg
https://amzn.to/4mmeLLT,Atmosphera - Canapé Odilon Beige 3 Places,Beige,https://m.media-amazon.com/images/I/61lN9UXcI4L._AC_SX522_.jpg
https://amzn.to/4dCBz6b,Atmosphera - Canapé Odilon Gris foncé 3 Places,Gris,https://m.media-amazon.com/images/I/61cSWYbrjjL._AC_SX522_.jpg
https://amzn.to/4je01Me,"HOMCOM Canapé 2 places classique en velours, canapé de salon avec coussins matelassés à boutons et pieds en bois, 172 x 75 x 82 cm, vert",Vert,https://m.media-amazon.com/images/I/61bubzQLZFL._AC_SX522_.jpg
https://amzn.to/4kxUMby,Canapé Lit Clic Clac Convertible 3 Places en Velours Vert avec Pieds en Bois Idéal pour Salon ou Chambre d'Amis au Style Rétro et Scandinave Beliani,Vert,https://m.media-amazon.com/images/I/71wW8I+3XSL._AC_SX522_.jpg
https://amzn.to/4mrwx0d,Canapé en Velours Courbé Glamour Orange à 3 Places Pieds Dorés Brillants Savar,Orange,https://m.media-amazon.com/images/I/61qNL0eTj1L._AC_SX522_.jpg
https://amzn.to/3FezRLE,Menzzo Canapé capitonné 2 Places Style Boudoir Glams Velours Bleu Canard,Bleu,https://m.media-amazon.com/images/I/711+v895dgL._AC_SX522_.jpg
https://amzn.to/4k2JEmZ,Canapé Fixe 3 Places Style Chesterfield Capitonnés en Cuir PU Noir avec Pieds en Acier Inox Top Tendance pour Salon Chic et Glamour Beliani,Noir,https://m.media-amazon.com/images/I/71gHt1ccK5L._AC_SX522_.jpg
https://amzn.to/4kw62Fo,Canapé 3 Places Fixe Revêtement en Velours Bleu Foncé et Rembourrage Généreux Ultra Confortable pour Salon Vintage Glamour Beliani,Bleu,https://m.media-amazon.com/images/I/918U3FedDkL._AC_SX522_.jpg
https://amzn.to/4k8TCU6,mb-moebel Lisbon Canapé d'angle Convertible en Bouclette avec Coffre – Canapé 3 Places Modulable – Canapé Lit pour Couchage & Rangement – Design Moderne pour Salon (Creme (Anthology 20)),Vert,https://m.media-amazon.com/images/I/81R+ySFWnxL._AC_SX522_.jpg
https://amzn.to/3SN0dHC,"Guyii Canapé rembourré 3 Places, Tissu Anti - Poil de Lapin, canapé modulaire, canapé Moderne avec accoudoirs Larges, pour Salon, Chambre à Coucher, Appartement, Beige (Canapé 3 Places)",Beige,https://m.media-amazon.com/images/I/71NjINjOAbL._AC_SX522_.jpg
https://amzn.to/4knmUOg,"Guyii Combinaison de canapés, Moderne surdimensionné 4 Personnes, canapé Convertible, pour Salon, Famille, Beige (Canapé 4 Places (sans Repose - Pieds))",Beige,https://m.media-amazon.com/images/I/81gbSyZN+1L._AC_SX522_.jpg
https://amzn.to/45mE4r3,Canapé Style Moderne 3 Places en Velours Rembourré Forme Incurvée Blanc Veltada,Blanc,https://m.media-amazon.com/images/I/61wt3nts2fL._AC_SX522_.jpg
https://amzn.to/3ZrpuLa,CONCEPT USINE | Canapé Modulable en Velours Côtelé | 3 Places + 1 Pouf | Monroe Vert | Style Moderne et Ultra Tendance | Large Assise et Pouf Modulable | Revêtement : Tissu 100% Polyester,Vert,https://m.media-amazon.com/images/I/71i0jVOv27L._AC_SX522_.jpg
https://amzn.to/4mr3WIz,CONCEPT USINE | Canapé d'angle en Velours 4-5 Places | Design Galway Bleu | Largeur 262 cm | Angle Gauche | Confort Ultra Luxueux | Structure Bois Robuste | Pieds Métal | Style Moderne et Élégant,Bleu,https://m.media-amazon.com/images/I/51dbT1y272L._AC_SX522_.jpg
https://amzn.to/4mqsW2H,"Combinaison de canapés, canapé d'angle Convertible segmenté pour 5 Personnes, Rangement au Pied, Meubles rembourrés pour Le Salon Minimaliste, Beige (Canapé 5 Places)",Beige,https://m.media-amazon.com/images/I/81wfJK78lSL._AC_SX522_.jpg
https://amzn.to/4dMjQJP,Lisa Design - Canapé d'angle Convertible avec Coffre Réversible Sorrente en Tissu Texturé - Canapé Lit - Sofa Bleu Marine 4 Places - Angle Droit - ou Gauche - Salon,Bleu,https://m.media-amazon.com/images/I/61ViDS8lF9L._AC_SX522_.jpg
https://amzn.to/4kgFZCs,Vente-unique - Canapé 2 Places en Cuir Hazel - Rouge,Rouge,https://m.media-amazon.com/images/I/41pBKtqTXpL._AC_SX522_.jpg
https://amzn.to/3YX5L5W,"DOMO Collection Capri Canapé d'angle en Forme de L avec Fonction Convertible, canapé d'angle rembourré, 239 x 152 x 75 cm (l x p x h) - Rouge",Vert,https://m.media-amazon.com/images/I/71JBIZDCYTL._AC_SX522_.jpg
https://amzn.to/43fqTqM,"VENESETTI Canapé d'angle Relax en 100% Tout Cuir épais de Luxe Italien avec Relax électrique, 5/6 Places Kaster, Rouge Bordeaux, Angle Droit",Rouge,https://m.media-amazon.com/images/I/61Z6g97iH7L._AC_SX522_.jpg
https://amzn.to/3F8yKx4,"vidaXL Canapé à 3 Places Chesterfield Rouge Bordeaux Similicuir, canapé, canapé de Salon, canapé à Trois Places, canapé rembourré, sièges de Salon",Rouge,https://m.media-amazon.com/images/I/41ZoMwfrcIL._AC_SX522_.jpg
https://amzn.to/43KyoG4,Habitat et Jardin - Canapé d'angle Convertible et Réversible Axel 3 Places Rouge - Canapé Lit Design Moderne en Tissu Lin - Espace de Stockage (Méridienne) + Étagères,Vert,https://m.media-amazon.com/images/I/41lp4I9lmQL._AC_SX522_.jpg
https://amzn.to/43cPr3B,"Générique Canapé à 3 Places avec Repose-Pied Rouge Bordeaux Tissu, Meubles, Canapés, Rouge, 35.55 KG, 288730",Rouge,https://m.media-amazon.com/images/I/61NaP4wXruL._AC_SX522_.jpg
https://amzn.to/4dwul3I,CAVADORE Belfast Canapé d'angle Droit en Microfibre avec Noyau à Ressort et Coffre de lit Rouge foncé 243 x 88 x 218,Rouge,https://m.media-amazon.com/images/I/61VCBKLk7PL._AC_SX522_.jpg
https://amzn.to/4kABMcw,Cotta Canapé d'angle rembourré,Rouge,https://m.media-amazon.com/images/I/71-XPaE+mlL._AC_SX522_.jpg
https://amzn.to/3SiKhwM,"VENESETTI Canapé Taille 2 Places en 100% Tout Cuir épais de Luxe Italien, Perla, Rouge foncé",Rouge,https://m.media-amazon.com/images/I/41Vz+svazcL._AC_SX522_.jpg
https://amzn.to/3ZxhsjT,"Gecheer Canapé à 3 Places Rouge Bordeaux 210 cm Tissu, Canapé de Salon pour Bureau à Domicile, Appartement, Petit Espace",Rouge,https://m.media-amazon.com/images/I/61j-kzM5mwL._AC_SX522_.jpg
https://amzn.to/3SjAo1O,BAÏTA Canapé Droit Fixe Viggo 2 Places en Velours Beige,Beige,https://m.media-amazon.com/images/I/619hpqVv6sL._AC_SX522_.jpg
https://amzn.to/3Shn12b,Lisa Design - Canapé Modulable d'angle Gauche - Onyx en Tissu - Sofa Beige 5 Places - Salon,Beige,https://m.media-amazon.com/images/I/81A4XFSa-SL._AC_SX522_.jpg
https://amzn.to/3YVuJmf,"Sapgaks Canapé Moderne en Forme de U,canapé 4 Places avec 4 Coussins lombaires pour protéger Les lombaires,canapé rembourré,canapé d'angle,adapté au Salon et à la Chambre à Coucher,Boucle,Beige",Beige,https://m.media-amazon.com/images/I/81EJOz8P5pL._AC_SX522_.jpg
https://amzn.to/4kt8flr,"Sapgaks Grand canapé modulable Moderne en Forme de U, canapé-lit Double assemblable à volonté, Tissu Chenille, canapé inclinable Extra Large pour Salon, Beige",Beige,https://m.media-amazon.com/images/I/81YmOvY5O7L._AC_SX522_.jpg
https://amzn.to/4kCaouE,"Lisa Design - Ray - canapé Droit 3 Places en Tissu texturé, Beige",Beige,https://m.media-amazon.com/images/I/61I6ZzQylQL._AC_SX522_.jpg
https://amzn.to/4mBwGyy,Tendencio Canapé d'angle Convertible MELUTI avec Coffre de Rangement et lit (Beige),Beige,https://m.media-amazon.com/images/I/81t5jMHvtsL._AC_SX522_.jpg
https://amzn.to/4mCJVir,Vente-unique - Canapé 3 Places en Tissu Bouclette Blanc SOPELANA,Blanc,https://m.media-amazon.com/images/I/614soA+F1cL._AC_SX522_.jpg
https://amzn.to/4dvTkUJ,"Canapé d'angle Convertible en lit LETTO en Tissu Tendance - Angle Droit avec Coffre de Rangement (Blanc cassé, Angle U)",Blanc,https://m.media-amazon.com/images/I/81GRgnHZmCL._AC_SX522_.jpg
https://amzn.to/3H3TTZV,"Lisa Design - Sergio - canapé 4 Places - Assise Profonde - en Tissu, Beige",Beige,https://m.media-amazon.com/images/I/61G9lffVYhL._AC_SX522_.jpg
https://amzn.to/4dvTmvP,Canapé d'angle panoramique PIANI en U en Velours côtelé Beige,Beige,https://m.media-amazon.com/images/I/51m1e3CuE2L._AC_SX522_.jpg
https://amzn.to/4dzRW3B,"Combinaison de canapés, canapé d'angle Convertible segmenté pour 4 Personnes, Rangement au Pied, Meubles rembourrés pour Le Salon Minimaliste, Beige(Canapé 4 Places)",Beige,https://m.media-amazon.com/images/I/81JBMpua-XL._AC_SX522_.jpg
https://amzn.to/4dteEKs,Tendencio Canapé d'angle Convertible HELLIA en Velours côtelé (Beige),Beige,https://m.media-amazon.com/images/I/71i44srrMNL._AC_SX522_.jpg
https://amzn.to/4drXsF6,"mb-moebel Canapé Convertible et tiroir de lit, pour Salon, rembourré, Fonction lit, en Boucle Denver Mini (Cream (Anthology 20))",Vert,https://m.media-amazon.com/images/I/81+hzwXn2tL._AC_SX522_.jpg
https://amzn.to/3ZzUDfs,DecoInParis Canapé clic clac en Tissu avec Pieds en Bois Jakarta,Noir,https://m.media-amazon.com/images/I/81Em6hrdHAL._AC_SX522_.jpg
https://amzn.to/4dxCSDu,"Canapé Jelly Bear/White Colour - En peluche douce compressée avec housse en velours - Confortable et durable - 185 cm de large, 110 cm de profondeur et 70 cm de hauteur - Canapé moderne et confortable",Blanc,https://m.media-amazon.com/images/I/81SJT3iFlsL._AC_SX522_.jpg
https://amzn.to/44UOlLa,"Seyakany Canapé avec sac de haricots,Canapé paresseux Durable Confort Lounger,Dossier haut Chaise avec sac de haricots Canapé,Canapé 2 places,Chenille,Jaune",Jaune,https://m.media-amazon.com/images/I/81Ic+NOhJdL._AC_SX522_.jpg
https://amzn.to/3FubglV,GREKPOL Canapé d'angle Convertible 276x145 Tissu Poso à Gauche ou à Droite - Sofa XL avec Espace de Rangement - Canapé 3 Places Convertible,Vert,https://m.media-amazon.com/images/I/81KY3Pg5InL._AC_SX522_.jpg
https://amzn.to/43vOhPo,"mb-moebel Canapé Convertible 3 Places avec Coffre de Rangement – Tissu bouclé chiné, Design Moderne, Couchage 145x200 cm - Moss (Vert (Arena 12 + Arena 2 Coussins))",Vert,https://m.media-amazon.com/images/I/71zgJEhzn2L._AC_SX522_.jpg
https://amzn.to/3SlBFFx,mb-moebel Canapé d'angle Convertible en Velours Côtelé avec Coffre – Canapé Modulable en U avec Fonction Lit – Grand Canapé 2 Places pour Salon – Denver Mini U (Beige Foncé - Poso 02),Beige,https://m.media-amazon.com/images/I/81JNHH+RBLL._AC_SX522_.jpg
https://amzn.to/4kF6xgt,"mb-moebel Canapé d'angle avec Fonction Couchage Canapé-lit avec Coffre de Rangement Sofa Canapé avec appuie-tête réglable Forme en L Coin Salon Lit d'appoint - Luka (Beige (Twist 01), Droite)",Beige,https://m.media-amazon.com/images/I/81yOre5MMLL._AC_SX522_.jpg
https://amzn.to/4kyUsco,"Merax Canapé-lit convertible 90/180 x 190 cm, canapé lit 2 places avec fonction convertible, canapé pliable avec sommier à lattes, tissu velours, beige (sans matelas)",Beige,https://m.media-amazon.com/images/I/81A2q3OUVnL._AC_SX522_.jpg
https://amzn.to/4kE4v06,Umberto Ravelli Canapé en Mousse sous Vide 3 Place avec Coussin (Gris Fonce),Gris,https://m.media-amazon.com/images/I/71wFzjRxooL._AC_SX522_.jpg
https://amzn.to/43d0mKv,HOMCOM Canapé 2 Places Style Contemporain Pochettes sur Les accoudoirs Pieds en Bois revêtement Tissu Aspect Lin - Gris,Gris,https://m.media-amazon.com/images/I/81lar+tkZuL._AC_SX522_.jpg
https://amzn.to/4dAf4yX,"Flamaker Canapé d'angle, Dimensions 292x111x92 cm (LxPxH), Housse Amovible Gris - Canapé Panoramique pour Salon & Chambre - Configuration en U Modulable",Gris,https://m.media-amazon.com/images/I/817tPzvK7gL._AC_SX522_.jpg
https://amzn.to/43eomNw,mb-moebel Canapé pour Salon Canapé-lit Sofa avec appuie-tête réglable Forme en U Canapé d'angle Paysage d'assise avec Fonction Couchage et Coffre de Rangement - Luka U (Gris Clair (Twist 19)),Gris,https://m.media-amazon.com/images/I/81XWSzI06aL._AC_SX522_.jpg
https://amzn.to/4dxkScp,"NIMBA LITERIE Canapé-lit Convertible Moderne, 200 x 90 x 34 cm, Beige Canapé-Lit Convertible Modulaire, Housse Lavable en Velours Côtelé Beige, avec Coussins Décoratifs",Beige,https://m.media-amazon.com/images/I/81ljmrqiYGL._AC_SX522_.jpg
https://amzn.to/44TyNY2,"AnYu Furniture Canapé de Sol, Canapé Pouf avec Dossier, Canapé de Compression d'une Seule Pièce Rempli de Mousse, Canapé Confortable Lazy pour Le Salon Chambre à Coucher (Beige)",Beige,https://m.media-amazon.com/images/I/71JfADOCgdL._AC_SX522_.jpg
https://amzn.to/3FpdjHZ,"Générique Canapé à 3 Places Noir 180 cm Tissu,Meubles,Canapés,28.8 kg,Noir,359247",Noir,https://m.media-amazon.com/images/I/51Z+8RgBV5L._AC_SX522_.jpg
https://amzn.to/4jkRkQC,"Zepneiy Canapé 3 Places Moderne Design, Canapé 3 Places avec 2 Coussins, Meuble Salon Rembourré Canapé, Moderne Canapé en Chenille-Stoff pour Appartement Bureau, Beige",Beige,https://m.media-amazon.com/images/I/81WjAWMvKnL._AC_SX522_.jpg
https://amzn.to/4kzL8VR,"Rainery Canapé Chesterfield avec traversins 3 Places Jaune Velours, Canapé avec Siège Places pour Salon, Chambre, Appartement, Petit Espace",Jaune,https://m.media-amazon.com/images/I/610OZouzTFL._AC_SX522_.jpg
https://amzn.to/4kbdPst,"Générique Canapé 3 Places avec oreillers décoratifs Noir 180 cm Velours,Meubles,Canapés,Noir,0 LB,3200960",Noir,https://m.media-amazon.com/images/I/61OMonhtxlL._AC_SX522_.jpg
https://amzn.to/3HadM1q,"Dmora - Canapé Escobar, Canapé conteneur 3 Places linéaire, Canapé de Salon en Tissu rembourré avec Ouverture clic-clac, 223x84xh80 cm, Gris",Gris,https://m.media-amazon.com/images/I/61lREdy6hjL._AC_SX522_.jpg
https://amzn.to/43e7A11,DecoInParis Canapé 3 Places Convertible Effet Simili Cuir Gris James,Gris,https://m.media-amazon.com/images/I/71XiJdCymgL._AC_SX522_.jpg
https://amzn.to/3H8GFep,HOMCOM Canapé Convertible 2 Places Design scandinave Dossier inclinable 3 Positions Pieds Bois Tissu Aspect Lin Gris,Gris,https://m.media-amazon.com/images/I/71hubD+0qnL._AC_SX522_.jpg
https://amzn.to/4kAxwcV,"YEHTOKHOME Canapé-lit 90x200cm Multifonctionnel avec Deux tiroirs,Simple lit de Jour avec sommier à Lattes,Style Moderne(sans Matelas) (Beige)",Beige,https://m.media-amazon.com/images/I/71iNu-ddM3L._AC_SX522_.jpg
https://amzn.to/3SRG5nK,"Zepneiy Canapé 4 Places avec Console et 2 Ports USB, Canapé 4 Places avec 2 Porte-Gobelets, Meuble Salon Rembourré avec Poches pour Accoudoirs et 4 Coussins, Moderne Canapé en Lin, Gris Foncé",Gris,https://m.media-amazon.com/images/I/81kAPbcaASL._AC_SX522_.jpg
https://amzn.to/3YYZOW6,"HOMCOM Canapé Convertible 2 Places canapé-lit Pliant avec Dossier réglable sur 5 Niveaux et 2 Coussins rembourrés, Tissu Effet Velours pour Salon, Chambre d'amis, 102 x 73 x 81 cm, Bleu foncé",Bleu,https://m.media-amazon.com/images/I/71XxfJpDB4L._AC_SX522_.jpg
https://amzn.to/4jk2uFe,Vente-unique - Canapé 3 Places en Simili Nigel - Rouge,Rouge,https://m.media-amazon.com/images/I/511W+6liWAL._AC_SX522_.jpg
https://amzn.to/4jmeIgq,Sicaan Canapé bohème 2 Places ROSI cannage et Velours Ocre Jaune,Jaune,https://m.media-amazon.com/images/I/91NYUbi0JAL._AC_SX522_.jpg
https://amzn.to/4kCwVY9,HOMCOM Canapé Convertible 3 Places Design scandinave Inclinaison Dossier réglable 3 Niveaux Dossier Centrale Rabattable 2 Porte-Verres Bois Massif Lin Beige,Beige,https://m.media-amazon.com/images/I/61XlIv8-plL._AC_SX522_.jpg
