customer_id;;;;;;;
CUST-2KYXXXW1NK7I;;;;;;;
CUST-NR43XRT2PXYG;;;;;;;
CUST-CH58P8PSVIYU;;;;;;;
CUST-CI7JQHW4TIYT;;;;;;;
CUST-3QHP3KL4NPP2;;;;;;;
CUST-24HVQPZX5YLL;;;;;;;
CUST-FTWLEOUVAAPD;;;;;;;
CUST-TA459CNFKWS7;;;;;;;
CUST-BBCH81JAM8HT;;;;;;;
CUST-IH6Q0NM4GJ76;;;;;;;
CUST-K4X5NRCDCT2R;;;;;;;
CUST-N2XACDNZOIRE;;;;;;;
CUST-HZNP2UZLT0N1;;;;;;;
CUST-U2FMDYLEAYF4;;;;;;;
CUST-T0WUQRZCFU4J;;;;;;;
CUST-0P9K9MICI4V3;;;;;;;
CUST-5WA4V8PAJBPS;;;;;;;
CUST-8WEWLATXXN7Z;;;;;;;
CUST-RQWQLWMV9LYD;;;;;;;
CUST-RUBU0VIX8PHM;;;;;;;
CUST-U979SENPJIZ4;;;;;;;
CUST-G855A5IWG3E7;;;;;;;
CUST-IQ2VD0Z4P23O;;;;;;;
CUST-PPKW5FTDO4YJ;;;;;;;
CUST-98A69EZZHF1X;;;;;;;
CUST-IITJR1HQF1KT;;;;;;;
CUST-UI6ZTWOV90XA;;;;;;;
CUST-BPNW6XNEK135;;;;;;;
CUST-1K5AP5CTJF8L;;;;;;;
CUST-Q0YC5GMIN1Q8;;;;;;;
CUST-MAXR3R0I03W8;;;;;;;
CUST-IAMG8R83TDVH;;;;;;;
CUST-ITNBOGNOPPNL;;;;;;;
CUST-TU8TRE0HYI4T;;;;;;;
CUST-EUI0W596FITT;;;;;;;
CUST-7J8401TD6HUA;;;;;;;
CUST-RMJH448WK6FC;;;;;;;
CUST-SKRGMY5QF2MU;;;;;;;
CUST-CIRXNF7L3LPZ;;;;;;;
CUST-6LPT9NVHLXAS;;;;;;;
CUST-1H1Q7HBI3TGY;;;;;;;
CUST-LQOWV80Y17PJ;;;;;;;
CUST-C3UJLHF0P9WF;;;;;;;
CUST-7BEENKHRH7Z9;;;;;;;
CUST-Y346TRL5BOV1;;;;;;;
CUST-8ZKMV3RL6IG8;;;;;;;
CUST-CBQ4AU4JDC6U;;;;;;;
CUST-R1LL9JZQUZ98;;;;;;;
CUST-VROCTXO872KO;;;;;;;
CUST-QA27AIPS7MOB;;;;;;;
CUST-4PDDW1N4IKUJ;;;;;;;
CUST-0HBUN7GQ9MLB;;;;;;;
CUST-5IV3802T8ZLZ;;;;;;;
CUST-B7RGZUXIGPZS;;;;;;;
CUST-TJ4FJM0BW1HC;;;;;;;
CUST-H1AGXQRXODCE;;;;;;;
CUST-US1JL2S6ZNRY;;;;;;;
CUST-YEMOC8C1CFMM;;;;;;;
CUST-EGIOL2A81CTG;;;;;;;
CUST-4BF8JATJWGUV;;;;;;;
CUST-E7GG3TOPDHLS;;;;;;;
CUST-XV9A1SH2UL84;;;;;;;
CUST-6RZGSN9ZQWJW;;;;;;;
CUST-WXUIK6191CJM;;;;;;;
CUST-TWIBOUNZO4CZ;;;;;;;
CUST-J5XV9Y6BAYJC;;;;;;;
CUST-TAKCQKNUYBBV;;;;;;;
CUST-IP3VVZS54Y9R;;;;;;;
CUST-BGI8TLN611YT;;;;;;;
CUST-UGDP9TNLIE6J;;;;;;;
CUST-M4VRY37N0AWK;;;;;;;
CUST-EOFUH09GHE77;;;;;;;
CUST-SZ9IS3Q1LBEP;;;;;;;
CUST-VLPF23IRUPWD;;;;;;;
CUST-XM8RRL5OAEFB;;;;;;;
CUST-A0XQKE1O6HFW;;;;;;;
CUST-2TFQQNW62X66;;;;;;;
CUST-FEC8O1JR9MO3;;;;;;;
CUST-4K0X2T5C2S8B;;;;;;;
CUST-5Y9E8NWLVUMV;;;;;;;
CUST-LGCCKXXKM94V;;;;;;;
CUST-E5DCOJX1KNU6;;;;;;;
CUST-L1NSG844O4TX;;;;;;;
CUST-S6NQ0FFZXKDJ;;;;;;;
CUST-TD9DPRKJITFB;;;;;;;
CUST-2AZPZMMRCE93;;;;;;;
CUST-G1126XA65X3A;;;;;;;
CUST-PTXRYW2UTIBE;;;;;;;
CUST-CQB4S7KWGQXT;;;;;;;
CUST-1ZDHXOZEMYZP;;;;;;;
CUST-VUDJSFA1QQMY;;;;;;;
CUST-09XGTC8T3PTU;;;;;;;
CUST-KXH7PQNYYJQG;;;;;;;
CUST-XTE68F57NK4T;;;;;;;
CUST-7H9ODYT4HY87;;;;;;;
CUST-W6PKR8270WAW;;;;;;;
CUST-AMDUNGJI6IWN;;;;;;;
CUST-0HMQXE0NAT8E;;;;;;;
CUST-Y5OA1VI96JN5;;;;;;;
CUST-R7V6MO5BWM8R;;;;;;;
CUST-9QIMN9DLBIKY;;;;;;;
CUST-NX93YCQG2UXF;;;;;;;
CUST-HTD5XDWB3BPD;;;;;;;
CUST-K7NLVJN9YROX;;;;;;;
CUST-8YIF5KNRBIHH;;;;;;;
CUST-Y91QO4HT4O3Z;;;;;;;
CUST-JRTX6KB1I3WJ;;;;;;;
CUST-72MDBI8K3N31;;;;;;;
CUST-8N1BEICC03L9;;;;;;;
CUST-MAP006L060GS;;;;;;;
CUST-OQNZSBHJV3E6;;;;;;;
CUST-UA7E4HH8ALP8;;;;;;;
CUST-00QETTAN10VF;;;;;;;
CUST-M9A1EOFPZJF3;;;;;;;
CUST-ZBRVG94X6KGN;;;;;;;
CUST-AABLXXVTQEUU;;;;;;;
CUST-C6LVM2Q35MAC;;;;;;;
CUST-V3WH289V8WFP;;;;;;;
CUST-MF4CIAJXS5B3;;;;;;;
CUST-4JQLOABUSVKP;;;;;;;
CUST-LLD3AHT960V0;;;;;;;
CUST-1G4I3FY9KFKL;;;;;;;
CUST-BIZOR6CPOP4J;;;;;;;
CUST-NCGM2OJDY1IV;;;;;;;
CUST-6T6C2UOFNRUZ;;;;;;;
CUST-8O1PSSEJ9C6S;;;;;;;
CUST-IBP1WPS4FDJP;;;;;;;
CUST-V625TQ0DIVDJ;;;;;;;
CUST-GI40APZ7ZJZJ;;;;;;;
CUST-L99QEXFV9WTS;;;;;;;
CUST-8XJZ216JHN0A;;;;;;;
CUST-IHKRWKQITGC7;;;;;;;
CUST-NA0KHE4KQKLM;;;;;;;
CUST-2S6HU4MSDC58;;;;;;;
CUST-5WTM3662JRA4;;;;;;;
CUST-9JJ8DPOBG4YR;;;;;;;
CUST-B24HR4L517TY;;;;;;;
CUST-ZEIYK5LGT1HS;;;;;;;
CUST-RP5S7DKH80QT;;;;;;;
CUST-MF3HEA17M7V8;;;;;;;
CUST-1ONJ7ZNXPR49;;;;;;;
CUST-ZC5YWD7JP00G;;;;;;;
CUST-P9LRMYJ4JC2H;;;;;;;
CUST-LVLQ6GYQE13S;;;;;;;
CUST-L0WX63MBDUIL;;;;;;;
CUST-Z1B1EE87TLBF;;;;;;;
CUST-ZDESK5YWIJGP;;;;;;;
CUST-KPXLPI8AR1FQ;;;;;;;
CUST-GTJP4N63T9IG;;;;;;;
CUST-NIN7Z68N71EA;;;;;;;
CUST-ZI2SBLDVDQ7W;;;;;;;
CUST-N2XKKN2EXQ25;;;;;;;
CUST-D9SJHP4B5EMZ;;;;;;;
CUST-JXI1P75D8GQ9;;;;;;;
CUST-0RI37NIYOIN3;;;;;;;
CUST-GOYA1JI07CJH;;;;;;;
CUST-JIY7XG2L8OND;;;;;;;
CUST-IWV59VHXA6K2;;;;;;;
CUST-PKB6BE7Y5D0X;;;;;;;
CUST-7X1QBYLFWJ26;;;;;;;
CUST-NAD626BID1BJ;;;;;;;
CUST-BDW0HDZS7OTV;;;;;;;
CUST-0989T7NYS7MC;;;;;;;
CUST-B5WE2W47NEES;;;;;;;
CUST-5QLR4DBUFULX;;;;;;;
CUST-TDH6CV9E3T9A;;;;;;;
CUST-MLRVF73OMIWL;;;;;;;
CUST-ENHET3DO6149;;;;;;;
CUST-67XXKSM2EJ09;;;;;;;
CUST-A7RDBIAW4ENG;;;;;;;
CUST-EMHY5IYGDSON;;;;;;;
CUST-0RB0X4WTXMHY;;;;;;;
CUST-8E36AR077T3S;;;;;;;
CUST-LTBS2JZQ4FYN;;;;;;;
CUST-J5Y9F6O109GQ;;;;;;;
CUST-1QPUY4PPCR1X;;;;;;;
CUST-NM44X6KE1GUQ;;;;;;;
CUST-7WDV7QW8G8WT;;;;;;;
CUST-UN4TU8BYC8GY;;;;;;;
CUST-D3CR2838IJ77;;;;;;;
CUST-OVRF3BFC49F4;;;;;;;
CUST-5QIXWZV7ONBC;;;;;;;
CUST-4BQT9COX70KL;;;;;;;
CUST-ZD0P19RIKB3B;;;;;;;
CUST-FWE88UY1X9HX;;;;;;;
CUST-3SD2HX0MWBDP;;;;;;;
CUST-9SBDRZ728025;;;;;;;
CUST-NW09I436BFE4;;;;;;;
CUST-XYVN088SORZN;;;;;;;
CUST-B6ZJMMDZA03A;;;;;;;
CUST-AXIFECUD2IRH;;;;;;;
CUST-INCOJEESYPPA;;;;;;;
CUST-JEAGZQ2J58OJ;;;;;;;
CUST-AXE3HTQ1XUDV;;;;;;;
CUST-424DSXTHA9TR;;;;;;;
CUST-KLX4YYWVM5LJ;;;;;;;
CUST-JBMWPJI76T28;;;;;;;
CUST-DU1UPZXSDVG2;;;;;;;
CUST-MQFLBC5OXRZ1;;;;;;;
CUST-VHDU99ARFRKM;;;;;;;
CUST-W9PTLMJSV68D;;;;;;;
CUST-Q5V5A07TQE6Z;;;;;;;
CUST-BYQOZJ5FVO8S;;;;;;;
CUST-FKADSKYYD1YB;;;;;;;
CUST-WXNR2PI2YYSU;;;;;;;
CUST-H6KDJF2YI83O;;;;;;;
CUST-21XPJKDCSBFY;;;;;;;
CUST-EVWOPWH7EXET;;;;;;;
CUST-N76H5UXDRO2T;;;;;;;
CUST-0W47P5LOYXTV;;;;;;;
CUST-2PRIVGZAJP44;;;;;;;
CUST-VXIWY26F99V3;;;;;;;
CUST-AV67D95UQCIW;;;;;;;
CUST-2HLFCQHTP2TL;;;;;;;
CUST-NO5YQ0QFBNJJ;;;;;;;
CUST-SZRC4A8PAXOJ;;;;;;;
CUST-HYSE5YE7XVEZ;;;;;;;
CUST-L06SMHG52AZX;;;;;;;
CUST-3YMOYDJ0W9QX;;;;;;;
CUST-HPR0M4J8PC92;;;;;;;
CUST-VCPMTYMM7LSI;;;;;;;
CUST-NUPCP9FNGKED;;;;;;;
CUST-IUZJ38T2IJQ2;;;;;;;
CUST-N43VH2OYWQQ0;;;;;;;
CUST-CDD3DJ0EQN6B;;;;;;;
CUST-WSN2NDX94YOS;;;;;;;
CUST-412GHG0090JH;;;;;;;
CUST-7VRMSSS06SXB;;;;;;;
CUST-3GFRN7TVBSAZ;;;;;;;
CUST-13PFK9XGDKIG;;;;;;;
CUST-C7CCSQURVF6D;;;;;;;
CUST-NNIFGAW3C6MC;;;;;;;
CUST-Z8BI7D451ROW;;;;;;;
CUST-45O42TT3DR3Y;;;;;;;
CUST-FAMIJC0JYJQ5;;;;;;;
CUST-IHN1HQRI7PYJ;;;;;;;
CUST-EQ27DAF3EU53;;;;;;;
CUST-M1FY5D1PRUJ8;;;;;;;
CUST-VBW8ULOYCXCM;;;;;;;
CUST-A4ACGVNI5EPV;;;;;;;
CUST-NKULSZHSXDYX;;;;;;;
CUST-UEF3VD2KB18E;;;;;;;
CUST-01LJRKZ8WOCL;;;;;;;
CUST-3F47X2KHYXQM;;;;;;;
CUST-Z3RZ327DSIF6;;;;;;;
CUST-9F4LHHFEUC43;;;;;;;
CUST-YC8CSXX5GAG2;;;;;;;
CUST-0UESFOHYJKXE;;;;;;;
CUST-U70VCMHWASJE;;;;;;;
CUST-GBX04JE9JLH3;;;;;;;
CUST-HSPAJL24UWMP;;;;;;;
CUST-XGOXJLIO8DZD;;;;;;;
CUST-JQ3EKJNFSSQ4;;;;;;;
CUST-QL4AAC0U06FX;;;;;;;
CUST-DW0KBRCTB8XN;;;;;;;
CUST-ZDVAUKT7DIPQ;;;;;;;
CUST-NA417AIRZEV3;;;;;;;
CUST-C0JP2N08B7WJ;;;;;;;
CUST-NQZE75HZFMUW;;;;;;;
CUST-RZBMZ6B1B5G3;;;;;;;
CUST-NL1PCY4GORUD;;;;;;;
CUST-EQNMEA6Y34V9;;;;;;;
CUST-YFTWVYAEH5IE;;;;;;;
CUST-JGF6N3NDXVIN;;;;;;;
CUST-VHYUIGMTGSPC;;;;;;;
CUST-H98UW8JDRAEP;;;;;;;
CUST-8LZCONDEGQ2Y;;;;;;;
CUST-FWLDHTAOM7RQ;;;;;;;
CUST-8W7RSD6EZHXZ;;;;;;;
CUST-WSHBC1QYS5AC;;;;;;;
CUST-LRRYR3J5JBUU;;;;;;;
CUST-XEAMJFIA09S1;;;;;;;
CUST-OUDEGNHDDUHS;;;;;;;
CUST-1PPQOJRGPBW0;;;;;;;
CUST-VHH75CFF9E31;;;;;;;
CUST-XMFWU3J0JYLH;;;;;;;
CUST-USY71ST037WO;;;;;;;
CUST-NKUFXGTOU2S3;;;;;;;
CUST-V3331OM24C8S;;;;;;;
CUST-IA7OLTJV1ZNU;;;;;;;
CUST-X9SXS837DKWB;;;;;;;
CUST-TWQUHP20P72F;;;;;;;
CUST-8P9LKZFAAMCE;;;;;;;
CUST-S800E5GE73LP;;;;;;;
CUST-UOOWGLWG215X;;;;;;;
CUST-6KZHTDKLMH3I;;;;;;;
CUST-6Q4ZJ1A0IJQT;;;;;;;
CUST-791JAJIFNP8Q;;;;;;;
CUST-XQHQG7URLS4H;;;;;;;
CUST-7OR41YLDARMF;;;;;;;
CUST-4IEEBNR2V25U;;;;;;;
CUST-D2OPTF7E73RA;;;;;;;
CUST-MTHKBGZIZXOV;;;;;;;
CUST-MP67A03BJL6D;;;;;;;
CUST-XZU20IHWME3B;;;;;;;
CUST-RVRTM9VWEUOC;;;;;;;
CUST-19IJ4IJ1TPX7;;;;;;;
CUST-BTILIB2I6LP6;;;;;;;
CUST-3B6QYXU4RF71;;;;;;;
CUST-8P4YOUY27OFV;;;;;;;
CUST-DNIO2MRJHQEJ;;;;;;;
CUST-I7SEFU1HY1DN;;;;;;;
CUST-YIQ75RD4GT9K;;;;;;;
CUST-QD5ZYN6M0R3V;;;;;;;
CUST-TOOYKOIXYABY;;;;;;;
CUST-WLCVVU9JAR6Z;;;;;;;
CUST-CEKUELJIF6X2;;;;;;;
CUST-KZYA7LB4ITVI;;;;;;;
CUST-59AD6KEFR7M4;;;;;;;
CUST-DQD98PY76Q0T;;;;;;;
CUST-SCHPFOCM3VD0;;;;;;;
CUST-O26G5KZ8054M;;;;;;;
CUST-CDKB612854AE;;;;;;;
CUST-MULNX6Z9314V;;;;;;;
CUST-QQORG65WLB2G;;;;;;;
CUST-3N2GY50BSCOF;;;;;;;
CUST-LAY4IGUPZHVJ;;;;;;;
CUST-5IFCVAEURGKS;;;;;;;
CUST-LJUSB06MJC1A;;;;;;;
CUST-SR4600EC2QHI;;;;;;;
CUST-LBWLO5B3IRBT;;;;;;;
CUST-Z3DWY95XHKEF;;;;;;;
CUST-JT0QRQ16CXMI;;;;;;;
CUST-X3688I3J8DNC;;;;;;;
CUST-PJH53RXIEWBF;;;;;;;
CUST-BVYIANR1ECI0;;;;;;;
CUST-5AMB55U3GHBJ;;;;;;;
CUST-2EYZVNKWGV4W;;;;;;;
CUST-R0CPZ865CU3R;;;;;;;
CUST-IELMY9YTAQEU;;;;;;;
CUST-QM3XQWWGMCYT;;;;;;;
CUST-UEKPM18JSSZ7;;;;;;;
CUST-Z482RA27GGHR;;;;;;;
CUST-5GYTN0PJTB7X;;;;;;;
CUST-55Z0INRKQVJ0;;;;;;;
CUST-UUE6CA1055D0;;;;;;;
CUST-54B31OA6XSHC;;;;;;;
CUST-KE87XQX0S64O;;;;;;;
CUST-CA82ELYP41NL;;;;;;;
CUST-571F0XDIFCZD;;;;;;;
CUST-U3VW237SI223;;;;;;;
CUST-WKR5QTWF96OT;;;;;;;
CUST-XTI5CYMZILEB;;;;;;;
CUST-ICC5C6MNWFRE;;;;;;;
CUST-5PFT71YJP9RC;;;;;;;
CUST-X26QG6JQAGGN;;;;;;;
CUST-UJLT9BM0A9RY;;;;;;;
CUST-KIVJSO4NDEYP;;;;;;;
CUST-ZS4R5Q33M2IM;;;;;;;
CUST-20KVHBNQCQDR;;;;;;;
CUST-2S0TW972XMDX;;;;;;;
CUST-TY0XEDPL06ZZ;;;;;;;
CUST-SHHZDP7TBTHI;;;;;;;
CUST-GD5A2IB5ROFS;;;;;;;
CUST-1NA9C273B31I;;;;;;;
CUST-RJAFVN77FZDR;;;;;;;
CUST-O4A2ZBPHM0DI;;;;;;;
CUST-XOG109TDC4BT;;;;;;;
CUST-YRY4CZLZJF4Z;;;;;;;
CUST-20X81S5U92Y9;;;;;;;
CUST-UKT542YSQHE9;;;;;;;
CUST-GHV48D87QM79;;;;;;;
CUST-7212VL6W1MOG;;;;;;;
CUST-9XT8ODBQKUI9;;;;;;;
CUST-D2MPY3F6OOXT;;;;;;;
CUST-DPHU7NVYGTIG;;;;;;;
CUST-ONQ0J93YM4WQ;;;;;;;
CUST-A66HAV79SA18;;;;;;;
CUST-6RW8AWH3M13X;;;;;;;
CUST-YBFQ9PSVIAZD;;;;;;;
CUST-GAZO9Y1TLB7R;;;;;;;
CUST-RHSGKHADAJ91;;;;;;;
CUST-SRO19AIKN9FV;;;;;;;
CUST-8KBKK4HC1BEI;;;;;;;
CUST-FS1SM9VFKF93;;;;;;;
CUST-RO3ZCYHAKF53;;;;;;;
CUST-A5ED6XLF1OFT;;;;;;;
CUST-4SWHGR2H3GK0;;;;;;;
CUST-JEULO8FHQSCF;;;;;;;
CUST-LZ9AAILNGL9M;;;;;;;
CUST-G1MX76T7707P;;;;;;;
CUST-ON6RHQV2JXW1;;;;;;;
CUST-5JPS4CSXFB1O;;;;;;;
CUST-509KRGJNX1BB;;;;;;;
CUST-VBNVXS3XX1JK;;;;;;;
CUST-J3GODQEJ3K81;;;;;;;
CUST-XA74A2UN27PV;;;;;;;
CUST-KC7PJIH8HSEI;;;;;;;
CUST-A5IQJYPHJGL4;;;;;;;
CUST-D9KS454ILGD2;;;;;;;
CUST-DBMSW21V2UAQ;;;;;;;
CUST-XRX9LL68SMWH;;;;;;;
CUST-7R9TA0KWG51Q;;;;;;;
CUST-43271JY7Y2KG;;;;;;;
CUST-SOHIHHD05M22;;;;;;;
CUST-U5UBJO2YUWDE;;;;;;;
CUST-XIXVNDKTAMSI;;;;;;;
CUST-ZE19RHY7HJ0W;;;;;;;
CUST-D3PLLO2F345D;;;;;;;
CUST-9AJ3JE6BI9LO;;;;;;;
CUST-EFD24N3ON53F;;;;;;;
CUST-DO4J3Y13YN2V;;;;;;;
CUST-LXX4YIWAP006;;;;;;;
CUST-L1LT225V4RUM;;;;;;;
CUST-PZGMOJTCS76B;;;;;;;
CUST-CR2QQBBTI5K6;;;;;;;
CUST-LIQWE9V1LXNU;;;;;;;
CUST-TOAAL0GO1PCL;;;;;;;
CUST-3WMLI1LSMVOX;;;;;;;
CUST-P4QSP5SFP9FP;;;;;;;
CUST-76XUI4DAXIT0;;;;;;;
CUST-3UHMVB2NNPUA;;;;;;;
CUST-RUTW9N6O6VVX;;;;;;;
CUST-6CSV93DB9HK3;;;;;;;
CUST-ZZ6ASS2HRJ5B;;;;;;;
CUST-FT3JHBCVO416;;;;;;;
CUST-36YNTZKYKFBT;;;;;;;
CUST-GA8IYF0SBU67;;;;;;;
CUST-2APVU230POLR;;;;;;;
CUST-XOHJG5K7BUCL;;;;;;;
CUST-SKADY3ZYVWY5;;;;;;;
CUST-PK7CVZOQZ85O;;;;;;;
CUST-J0OBG0771WI9;;;;;;;
CUST-ODMV1677IKTE;;;;;;;
CUST-QHM5B0NDVIW3;;;;;;;
CUST-50IJ2NWJ923B;;;;;;;
CUST-1GRGIRCXFF7G;;;;;;;
CUST-BWUBX776N57M;;;;;;;
CUST-A6P86L3GDOYQ;;;;;;;
CUST-29NWFGNAJLF5;;;;;;;
CUST-1KZMSJWJKO3C;;;;;;;
CUST-A706UMY402NP;;;;;;;
CUST-3ODAK5AUTW9U;;;;;;;
CUST-4R0SPKP67YAV;;;;;;;
CUST-DJYZOTX42PII;;;;;;;
CUST-WJZE9XAAW3AG;;;;;;;
CUST-QIAUZMPCU6L7;;;;;;;
CUST-UT0HOM7ZOMSW;;;;;;;
CUST-C79WZES7TBHQ;;;;;;;
CUST-F81F7EGCME7S;;;;;;;
CUST-EAHRYDNQBX21;;;;;;;
CUST-FZQI0YJQWAYU;;;;;;;
CUST-CATZGCKUIUZT;;;;;;;
CUST-24KSAQV5SS4S;;;;;;;
CUST-7MI9WGWEX8BH;;;;;;;
CUST-TQFAO0E0IDY4;;;;;;;
CUST-FLSRR0J8X43C;;;;;;;
CUST-9DWY03UPA2W0;;;;;;;
CUST-XKVEO4TD6DAA;;;;;;;
CUST-GO9KI3X957TO;;;;;;;
CUST-L50OS1CD5R3N;;;;;;;
CUST-2BN9N6K7M6PJ;;;;;;;
CUST-LMKI85DCTYSN;;;;;;;
CUST-DTYEW8WU8NHQ;;;;;;;
CUST-IJJCZAKLJXXT;;;;;;;
CUST-SCBB5LC59BZ9;;;;;;;
CUST-PG66AFLUQUT7;;;;;;;
CUST-J2L068OADU9H;;;;;;;
CUST-PJ3K9DHK64X9;;;;;;;
CUST-IVN9ZP43WYKM;;;;;;;
CUST-8AIA0ZRBE1JY;;;;;;;
CUST-PUZXZIHAYDP7;;;;;;;
CUST-2SU9MJAWWZQ6;;;;;;;
CUST-XQGK8ENU8AHZ;;;;;;;
CUST-YBSVUU443B43;;;;;;;
CUST-BP3IV7PFJLRK;;;;;;;
CUST-25SRNIXUPHO5;;;;;;;
CUST-IOWVKGIQGTU1;;;;;;;
CUST-NEQ631FFVOSW;;;;;;;
CUST-NMABOLCQP65B;;;;;;;
CUST-GERXE8AQILA6;;;;;;;
CUST-KDD4WJOHVDKV;;;;;;;
CUST-JGQAC17LJPTW;;;;;;;
CUST-V39GS74BBIMC;;;;;;;
CUST-PECAACC5F3JR;;;;;;;
CUST-6GCPL56GYVRN;;;;;;;
CUST-Q6HI0RBRVNYX;;;;;;;
CUST-HIIEQH0W1AN3;;;;;;;
CUST-UTA50LOIYTBV;;;;;;;
CUST-7EAGSHLKZRU7;;;;;;;
CUST-AEMORE7ACFWR;;;;;;;
CUST-5FYYHTJ9SSFP;;;;;;;
CUST-T83YXA68BFVY;;;;;;;
CUST-2OC8A27BI22I;;;;;;;
CUST-DN2BF0SSUBRG;;;;;;;
CUST-5N4GVWEZZ0EO;;;;;;;
CUST-HBSH74X453C2;;;;;;;
CUST-4DR3H44UQQ9Y;;;;;;;
CUST-7JE03VIP1GBD;;;;;;;
CUST-9W2RA6DMD9W8;;;;;;;
CUST-I31EWOHLULM5;;;;;;;
CUST-LJMGKVQ62JH2;;;;;;;
CUST-FL2SH6ASDQMQ;;;;;;;
CUST-S4S92IISEFQT;;;;;;;
CUST-24EGU4JSNV5M;;;;;;;
CUST-EYYPLC8PDAXB;;;;;;;
CUST-U3W1JZEE8SRO;;;;;;;
CUST-R07LIX7KAGZ4;;;;;;;
CUST-YZ8UF20OI3IR;;;;;;;
CUST-ZGJ1G4X5ISIK;;;;;;;
CUST-VMXYDCREZL8Z;;;;;;;
CUST-2L6SAPPZ6MLO;;;;;;;
CUST-JATXOQL0B9J3;;;;;;;
CUST-Q0QA367F7328;;;;;;;
CUST-Q8PD5ZABCJEZ;;;;;;;
CUST-7T9UCCDTYMFX;;;;;;;
CUST-GF7GOG4160YA;;;;;;;
CUST-ID795Z03FMGS;;;;;;;
CUST-T0HEK5JWA5KQ;;;;;;;
CUST-IR46S67ZFZPC;;;;;;;
CUST-WTNZFK9HS3N4;;;;;;;
CUST-X20YY9SWHUH2;;;;;;;
CUST-DTXECXQPKN3Y;;;;;;;
CUST-2GBDC303DEBV;;;;;;;
CUST-KG89W9I1ZEV4;;;;;;;
CUST-BHKRDBXMPH18;;;;;;;
CUST-FHQISTXKNRHL;;;;;;;
CUST-88UIQKMW68U8;;;;;;;
CUST-KB37L0HM87PZ;;;;;;;
CUST-EBVASYGHHIXJ;;;;;;;
CUST-X424M6KYDWD9;;;;;;;
CUST-QE2V857S0D84;;;;;;;
CUST-I61WWPOA5H34;;;;;;;
CUST-W7F6KAQ61S8M;;;;;;;
CUST-RMFSSYN10H50;;;;;;;
CUST-1NWC0C5Z59X1;;;;;;;
CUST-YU54MXUHK65Y;;;;;;;
CUST-34NUAEVKS3J4;;;;;;;
CUST-EXZZR3IHR279;;;;;;;
CUST-F3LG9PEVO0E9;;;;;;;
CUST-0E2YANKIH6IA;;;;;;;
CUST-KVXJWZMI1OLW;;;;;;;
CUST-R96I2AJLYQVO;;;;;;;
CUST-X4H17N8N620T;;;;;;;
CUST-NQ7BMFW3EVQ5;;;;;;;
CUST-QB1F3LKFVNQ9;;;;;;;
CUST-8VIGQ44GE62I;;;;;;;
CUST-AMOX42ZD0Q3U;;;;;;;
CUST-3VYO16MB0Q4N;;;;;;;
CUST-RLRFWB1766EM;;;;;;;
CUST-IX7VPNE744G8;;;;;;;
CUST-0DM0M6580EWW;;;;;;;
CUST-UUFOM903QXDZ;;;;;;;
CUST-IASP4NZT0530;;;;;;;
CUST-94WHND2L5USP;;;;;;;
CUST-NUTBTFJN3820;;;;;;;
CUST-WRMBAIHDO4OL;;;;;;;
CUST-R1BWQT7PW7MI;;;;;;;
CUST-TCMPFBCRM6E0;;;;;;;
CUST-0HLP1605ZDVJ;;;;;;;
CUST-YFHO3R4XPYQR;;;;;;;
CUST-VBPU0B0J7UFQ;;;;;;;
CUST-LRO22SZ70VXO;;;;;;;
CUST-QCXU1WU3CFSA;;;;;;;
CUST-VBOHADERCNQW;;;;;;;
CUST-DI22VSY2JNGZ;;;;;;;
CUST-XFMDXDOGHBTF;;;;;;;
CUST-CSU904HLW3Y0;;;;;;;
CUST-LOFIWS08F2EF;;;;;;;
CUST-HB91ODN934QI;;;;;;;
CUST-WSBGFB8R1REM;;;;;;;
CUST-2Y1OLX5OFFS3;;;;;;;
CUST-UNF75IVYPTGR;;;;;;;
CUST-KJBRIQ2BLOAQ;;;;;;;
CUST-JNSOZSFORR88;;;;;;;
CUST-D4GXK7V7M7OV;;;;;;;
CUST-5RUNT1CQTZI1;;;;;;;
CUST-MQNY7QQG0362;;;;;;;
CUST-81QFQS8YLX8H;;;;;;;
CUST-759L3U74BYGL;;;;;;;
CUST-D4CH3HIWDQD5;;;;;;;
CUST-C0FGGAW7CQ7H;;;;;;;
CUST-3LG889X8V0C6;;;;;;;
CUST-S7ZDYXCQXSBI;;;;;;;
CUST-RQDY2LH32P7T;;;;;;;
CUST-WJEFF9YPI9H9;;;;;;;
CUST-N8RX6MCYZ4PH;;;;;;;
CUST-19KJJR60F0NW;;;;;;;
CUST-5LQ6LPL9J7M0;;;;;;;
CUST-JQ2WFUCMMS5G;;;;;;;
CUST-K3514QDJDB8D;;;;;;;
CUST-U5CXAMRNZCQG;;;;;;;
CUST-7ICS470H6ZNW;;;;;;;
CUST-G0Z32C260ENX;;;;;;;
CUST-U1L3XK7NXMHF;;;;;;;
CUST-RJPR677ZWUQP;;;;;;;
CUST-2KZMLUHJIJZP;;;;;;;
CUST-WRBIND7QK36I;;;;;;;
CUST-HILBLBH0QVHF;;;;;;;
CUST-3CLNPIQO4PJ9;;;;;;;
CUST-F3G3I1IY1H17;;;;;;;
CUST-3QYMP8WZA866;;;;;;;
CUST-AF9HYIVP2UT7;;;;;;;
CUST-WK4PAX73KS7D;;;;;;;
CUST-VCB4G7EEZ04Z;;;;;;;
CUST-MNQ9AUFID9F5;;;;;;;
CUST-JKPMPNJFUL41;;;;;;;
CUST-K3P1F300FIMP;;;;;;;
CUST-9ISJFPDZBZM7;;;;;;;
CUST-D5IJS1X30F1O;;;;;;;
CUST-USUHNNVLGARM;;;;;;;
CUST-ZEX4NY1KEQ0Q;;;;;;;
CUST-81EG2IO8A6RU;;;;;;;
CUST-D84CQNRLB3F8;;;;;;;
CUST-NRZNM7XVTD4O;;;;;;;
CUST-WSF9SGYXT46U;;;;;;;
CUST-Y9D6HYIXBSAS;;;;;;;
CUST-Z7AXO4H0IDZ8;;;;;;;
CUST-U8WT4SKGEFM9;;;;;;;
CUST-70YK0M7A37AP;;;;;;;
CUST-VYZN7GF0UESK;;;;;;;
CUST-8E12JJ50S8FH;;;;;;;
CUST-A7H5W520PMSM;;;;;;;
CUST-UXNDU1TG3M7F;;;;;;;
CUST-UKC0P1119KXE;;;;;;;
CUST-8RD0F9DP1NTA;;;;;;;
CUST-7QEW0V53L3PX;;;;;;;
CUST-D8DOWKUUHMQF;;;;;;;
CUST-MTH0IN5EGDYN;;;;;;;
CUST-TUPHMO55O31G;;;;;;;
CUST-FYT5D0VKIGW7;;;;;;;
CUST-XVHOA0FU69RE;;;;;;;
CUST-DZ68R3SQ668Z;;;;;;;
CUST-SU349KE75E8P;;;;;;;
CUST-RVY38O53EDYJ;;;;;;;
CUST-BX523T53UG0O;;;;;;;
CUST-JNQL1PX87GAG;;;;;;;
CUST-RLV6773UC6U7;;;;;;;
CUST-SU0QNC80JSXV;;;;;;;
CUST-LPY1BP4MN36I;;;;;;;
CUST-3C19MUR9SCUX;;;;;;;
CUST-F55EKQOKLNQF;;;;;;;
CUST-PZYPSXTW7LXQ;;;;;;;
CUST-PMJF0BY9OWOM;;;;;;;
CUST-H78OJB3UYK6F;;;;;;;
CUST-TK86YZALWD7U;;;;;;;
CUST-AHFOO8TDJ885;;;;;;;
CUST-0IB6XAFP9DMA;;;;;;;
CUST-7LP7P0UDAGKW;;;;;;;
CUST-O1ONO9MDWOIM;;;;;;;
CUST-SL40MTRNL5R8;;;;;;;
CUST-OLCPPWQC9MXW;;;;;;;
CUST-SX94Q0ZUD0LT;;;;;;;
CUST-8XHKB0Q3RF2M;;;;;;;
CUST-IZHVYDU3HH3L;;;;;;;
CUST-W7YMT1V09SB1;;;;;;;
CUST-H5UBGVQ437XQ;;;;;;;
CUST-V6LOL8OQORMV;;;;;;;
CUST-F5UWBMRF8TI2;;;;;;;
CUST-1TZUW5SJCGVW;;;;;;;
CUST-QO5ABVPTNP39;;;;;;;
CUST-F27C9E52W12U;;;;;;;
CUST-IQJ9TEP1MS6K;;;;;;;
CUST-0PV7FF154SAE;;;;;;;
CUST-ZC8KOPP65254;;;;;;;
CUST-AY1US87IN95O;;;;;;;
CUST-K2SNQIUZIO03;;;;;;;
CUST-5IJF4430QLIJ;;;;;;;
CUST-D5833C1LS45E;;;;;;;
CUST-YF7PP830JCS9;;;;;;;
CUST-N7G0L0H4L3JW;;;;;;;
CUST-R4RUXCWFEWL3;;;;;;;
CUST-3GI2TQ4B2GQ8;;;;;;;
CUST-325JK6YGIU0V;;;;;;;
CUST-WTG5CL34VQJK;;;;;;;
CUST-R0R6IW57PNP1;;;;;;;
CUST-6N0RYZCBSN22;;;;;;;
CUST-X16S621PYMWZ;;;;;;;
CUST-SWV8ZHM8AH1D;;;;;;;
CUST-QSKP43E4O17F;;;;;;;
CUST-WDS46FZLK1LU;;;;;;;
CUST-FMZCW1SNRX2E;;;;;;;
CUST-BK6BAEOUJ9I7;;;;;;;
CUST-ZQ6SSD4T35DG;;;;;;;
CUST-V2H6Y1SGSIX6;;;;;;;
CUST-5ZF48EU4BUEQ;;;;;;;
CUST-B8W3YSU9HIUX;;;;;;;
CUST-37M6G3O0TK65;;;;;;;
CUST-L5MTNE8IZ31J;;;;;;;
CUST-43S418WQRL33;;;;;;;
CUST-8SOE5HY21GNT;;;;;;;
CUST-JIGMIZ3S7DTJ;;;;;;;
CUST-7C2RHC0BKWA3;;;;;;;
CUST-KEQ0GFQPTYPM;;;;;;;
CUST-7XVBH3SFA37R;;;;;;;
CUST-6GWACSL6V2N8;;;;;;;
CUST-CAAEXZP8C2P7;;;;;;;
CUST-UKVK68EA1FK1;;;;;;;
CUST-RLXX1TC7EHOL;;;;;;;
CUST-9IZQMXDOAQWP;;;;;;;
CUST-GL0B6O50LFVJ;;;;;;;
CUST-TPC6GUH881U3;;;;;;;
CUST-2T83SL1GAABX;;;;;;;
CUST-GRMIHW2ACD87;;;;;;;
CUST-HTU0RUTP9GVA;;;;;;;
CUST-COFX8WOR4IZU;;;;;;;
CUST-ICRH4OI55K68;;;;;;;
CUST-UU4UG1MPNSEG;;;;;;;
CUST-6SERHDRGV3DB;;;;;;;
CUST-OKZU1GTFPHKZ;;;;;;;
CUST-YYB0M8ET2VKQ;;;;;;;
CUST-L4QTSM1O1545;;;;;;;
CUST-QUV52L4KZK5J;;;;;;;
CUST-P9A0416UKC84;;;;;;;
CUST-JKXAT5XGK54F;;;;;;;
CUST-GQ3XVXPVE7FA;;;;;;;
CUST-J3E3T2CSV733;;;;;;;
CUST-DZ97NOD0Y2ZW;;;;;;;
CUST-2Z6GWT9RYO8K;;;;;;;
CUST-FGDHY6XRXIQL;;;;;;;
CUST-FB406EI9DXG1;;;;;;;
CUST-0ABYM7CWEGQ0;;;;;;;
CUST-K1QPKPMN0CYJ;;;;;;;
CUST-RP0C7HJ51E6Y;;;;;;;
CUST-75D6RISVYLY8;;;;;;;
CUST-1PLMHN3G8UOS;;;;;;;
CUST-JJFBS6BJ4EC9;;;;;;;
CUST-4W2BZS8DRM78;;;;;;;
CUST-9DZWDKRAUQLE;;;;;;;
CUST-UDNRB89BDWVY;;;;;;;
CUST-EI6GHFTX1URH;;;;;;;
CUST-RR2LL22G8HIO;;;;;;;
CUST-MM8LE24SQ05Z;;;;;;;
CUST-6WR8LQBIU4JO;;;;;;;
CUST-P366ACOF0TN0;;;;;;;
CUST-VQGM21ATPK1Y;;;;;;;
CUST-M06ES14G9SX4;;;;;;;
CUST-MOVJ2AQN1HZA;;;;;;;
CUST-SANJBE3NG183;;;;;;;
CUST-A8PANK3GAKKE;;;;;;;
CUST-BJE0PJD5YM50;;;;;;;
CUST-ECKAHHRPY4MO;;;;;;;
CUST-A9OIZK90P47X;;;;;;;
CUST-YRWW7W769S9X;;;;;;;
CUST-CY227M2QWP1U;;;;;;;
CUST-L7LW4ZRMM31G;;;;;;;
CUST-AUAY8WOIKZN7;;;;;;;
CUST-FA41SL9OL0ZV;;;;;;;
CUST-ZSA0GGEFSSLP;;;;;;;
CUST-ZEG6T5H9OOSO;;;;;;;
CUST-KYB2R7DATQX4;;;;;;;
CUST-BR2A5ZPSCUL2;;;;;;;
CUST-JPFAAMUK2WIA;;;;;;;
CUST-ZI05HF2HWGMK;;;;;;;
CUST-T6CF5DWNXN3B;;;;;;;
CUST-TTVQQ1XNW4JX;;;;;;;
CUST-FV84I7FRT20U;;;;;;;
CUST-VX1JCH0IKX1Q;;;;;;;
CUST-IGUWY4NHG5W1;;;;;;;
CUST-EIHCCW7BPLQS;;;;;;;
CUST-RLSUY002WGTC;;;;;;;
CUST-01K8YRIBSAZ9;;;;;;;
CUST-IU6FS550YLTE;;;;;;;
CUST-4BQPMJCQAK46;;;;;;;
CUST-USQN3RDMDM66;;;;;;;
CUST-QI4Z3I6ABBUA;;;;;;;
CUST-9BJVABA8K09C;;;;;;;
CUST-QFDEGXHF7HWW;;;;;;;
CUST-JIB0IC9J6NGW;;;;;;;
CUST-Y6RLOE40YPNR;;;;;;;
CUST-71PETU78MVXJ;;;;;;;
CUST-TQ00CA6EGUVK;;;;;;;
CUST-3Z0ZVY011ZMG;;;;;;;
CUST-67W5DERV1VRP;;;;;;;
CUST-W92QMNKO0FW7;;;;;;;
CUST-7L90L3CJJXWC;;;;;;;
CUST-08UA2GHZDOO1;;;;;;;
CUST-CILQ1JQTCJCI;;;;;;;
CUST-QX1B8IR5LZ6N;;;;;;;
CUST-EZG46Z0C3I79;;;;;;;
CUST-Z1786S9GJYJM;;;;;;;
CUST-665USFN0VXP5;;;;;;;
CUST-TRS0W1DEQOBY;;;;;;;
CUST-1I6N5E5060U9;;;;;;;
CUST-XIS0TTD3349U;;;;;;;
CUST-5I3R4M0T8GYK;;;;;;;
CUST-RSMDSVEIYOIA;;;;;;;
CUST-E5KYDYWOO5VZ;;;;;;;
CUST-7825Z6RWGOPQ;;;;;;;
CUST-HT7TWDG4MB9K;;;;;;;
CUST-NSOMMKJV12HM;;;;;;;
CUST-X9WKIRZHGQDA;;;;;;;
CUST-UWJGYG5JMWZK;;;;;;;
CUST-MIWIQEZZXPAP;;;;;;;
CUST-RHR663OP6EYV;;;;;;;
CUST-0LLUXBN347CL;;;;;;;
CUST-E5IQSHH1TVDP;;;;;;;
CUST-YSK9EULMK36R;;;;;;;
CUST-2470AANFNOFU;;;;;;;
CUST-YH3QNKUX4G9P;;;;;;;
CUST-8TB9QXIEXGLF;;;;;;;
CUST-F8ES9J9K5VZ2;;;;;;;
CUST-GCFN3AF8PJG4;;;;;;;
CUST-EDT4BBWEF4NH;;;;;;;
CUST-3NVFLFY35TTS;;;;;;;
CUST-5VFQN24KKK3X;;;;;;;
CUST-WLORF6U0M2HO;;;;;;;
CUST-RZFAI444PQ0Y;;;;;;;
CUST-0GF4I62X1T96;;;;;;;
CUST-LX45XN1R3Y9I;;;;;;;
CUST-30D2NBZYX6WX;;;;;;;
CUST-BWWEWYWC8E0E;;;;;;;
CUST-CLXK3NZTFTXH;;;;;;;
CUST-9K4VT24O0BY9;;;;;;;
CUST-6G55SEAIHUU8;;;;;;;
CUST-Z3RRC90IPJOR;;;;;;;
CUST-70ZN7HMYRCGZ;;;;;;;
CUST-UHIGUXWP95I5;;;;;;;
CUST-EJLHOLD1KXK3;;;;;;;
CUST-OPZGJCIMG5KP;;;;;;;
CUST-BIIFUQ4XZX8F;;;;;;;
CUST-68UXTFX2C2N8;;;;;;;
CUST-2H6A2U3L85A1;;;;;;;
CUST-N7XMLXOWA94Y;;;;;;;
CUST-D2F8Q6R5J2SR;;;;;;;
CUST-JWSP9BT8SX79;;;;;;;
CUST-AI97LT04MYKZ;;;;;;;
CUST-WLECO64G6AL8;;;;;;;
CUST-HA7DTSN4Y4N6;;;;;;;
CUST-S7NITNDCPLFD;;;;;;;
CUST-LX3XNOXHRFJD;;;;;;;
CUST-POM7MFMY9RVN;;;;;;;
CUST-127RYB69Y9MO;;;;;;;
CUST-41SRL2HL3XXO;;;;;;;
CUST-D26LKBHLCMD3;;;;;;;
CUST-4TO481S65FXT;;;;;;;
CUST-HGHKDSHJ0DK7;;;;;;;
CUST-6F6D3X1N45BC;;;;;;;
CUST-YINGVNLPIM70;;;;;;;
CUST-HVDF1ISBVZ9J;;;;;;;
CUST-HB45TTGAP3LN;;;;;;;
CUST-YR7P6S1PN3S5;;;;;;;
CUST-ZDTT9WWUT2JW;;;;;;;
CUST-M21788AHOGLK;;;;;;;
CUST-FIMHH9LTACAC;;;;;;;
CUST-OVF4YSAMM5JQ;;;;;;;
CUST-B19X8BRJUJ4J;;;;;;;
CUST-PHPUVX4R98AY;;;;;;;
CUST-PUBQ5UJLKP5T;;;;;;;
CUST-4X4FC29PQ35K;;;;;;;
CUST-1GY1KJXD1INQ;;;;;;;
CUST-H25BHTUFMG34;;;;;;;
CUST-KF7EC1DVTDZM;;;;;;;
CUST-67MVGBGC1LYC;;;;;;;
CUST-65TWE98M32P9;;;;;;;
CUST-NAFJGHQP9IJ4;;;;;;;
CUST-FAYV3DXW088X;;;;;;;
CUST-6SWYKHMZS9CD;;;;;;;
CUST-J0Y4ZUZ86NCT;;;;;;;
CUST-QF7NXUHZAE9M;;;;;;;
CUST-7QX4WT90JFXI;;;;;;;
CUST-2ZLJR83DL656;;;;;;;
CUST-4BK6S1A7GCLN;;;;;;;
CUST-IO0AW2NQZ78U;;;;;;;
CUST-RRTKM7KAJIM8;;;;;;;
CUST-2BS69R4PBKPY;;;;;;;
CUST-HJATAF3ATM6R;;;;;;;
CUST-P8XJEOWST4M9;;;;;;;
CUST-JE7E8SIBHH1B;;;;;;;
CUST-FZYDRWIX7PDB;;;;;;;
CUST-2VC09HFTKS5R;;;;;;;
CUST-N8M8UOYAVSTS;;;;;;;
CUST-U3NDEWIQ22RE;;;;;;;
CUST-7BR1CGWJ5QR1;;;;;;;
CUST-NFWDCD6AAXA1;;;;;;;
CUST-UQ5U12K9RCMS;;;;;;;
CUST-2X9C44MAYD8E;;;;;;;
CUST-AT3OJZV0BYAR;;;;;;;
CUST-UXZ12M3U4P9I;;;;;;;
CUST-PYPUSYELZW4J;;;;;;;
CUST-WGFE8J11VQFE;;;;;;;
CUST-SFVW3SHSTS8K;;;;;;;
CUST-9TOQUH2QOY3O;;;;;;;
CUST-QJ23QL39GIOG;;;;;;;
CUST-VJP3FPY6YK3A;;;;;;;
CUST-WUPE298NFFTA;;;;;;;
CUST-3S925N4SP6YC;;;;;;;
CUST-LXCVJSN9XECO;;;;;;;
CUST-2T042BZ2ECDQ;;;;;;;
CUST-CE0LSKVLFDG1;;;;;;;
CUST-VQWP7XWLEGC5;;;;;;;
CUST-XSU0TP646HCA;;;;;;;
CUST-JSIN9C3HJ55S;;;;;;;
CUST-AWC3GQIFU7FA;;;;;;;
CUST-HSCU8BRU9RKD;;;;;;;
CUST-RMLLNVCBQXDE;;;;;;;
CUST-OZWJAII2W6B2;;;;;;;
CUST-07GXQW1A5ATU;;;;;;;
CUST-O8O1FUV04H5O;;;;;;;
CUST-4JGERUI4ADKF;;;;;;;
CUST-M24QGLSE0RV0;;;;;;;
CUST-XLKV20D1XSV7;;;;;;;
CUST-393B7PORVQWO;;;;;;;
CUST-LIO29I1ZUWPE;;;;;;;
CUST-5NGGQXK3ZOWI;;;;;;;
CUST-LIKKAJ6A5EE8;;;;;;;
CUST-PZMCINC0QCPR;;;;;;;
CUST-T6NGAGS6GZRI;;;;;;;
CUST-YA2O3AI6L34X;;;;;;;
CUST-UPATXJDLSZAG;;;;;;;
CUST-BI9FORZJW7LL;;;;;;;
CUST-E3YMGT2SLXXU;;;;;;;
CUST-JNP16SGQFJX4;;;;;;;
CUST-YORNHX94JIXT;;;;;;;
CUST-5TW55IE88SOU;;;;;;;
CUST-V1P841I6XRAW;;;;;;;
CUST-SHIW1AGLZAVT;;;;;;;
CUST-S5U10YPGRSB3;;;;;;;
CUST-6Q45DG5G55YB;;;;;;;
CUST-JUPYXGY2QCGV;;;;;;;
CUST-974XNONHT381;;;;;;;
CUST-VE9WUWJYRFN6;;;;;;;
CUST-6V98QA8SY7KU;;;;;;;
CUST-IRZ76812ZFBW;;;;;;;
CUST-BRZ1H1RMPWLP;;;;;;;
CUST-EOCY7X4P8FX0;;;;;;;
CUST-SJD3ZD66XE5W;;;;;;;
CUST-SHJ1ZLY0OA76;;;;;;;
CUST-SYMKNK4EMNZ7;;;;;;;
CUST-62T1ZR2BSAFN;;;;;;;
CUST-6DSFP5B4R0QT;;;;;;;
CUST-R9419V5IAX9O;;;;;;;
CUST-RT8LHFRG9EQP;;;;;;;
CUST-MOZVV06NL2MC;;;;;;;
CUST-9ZH8T0N1X567;;;;;;;
CUST-6L7YA4HNIOZT;;;;;;;
CUST-GHD9CK7ZBDRS;;;;;;;
CUST-5OWCBZ80G07W;;;;;;;
CUST-CZLFU2NV2HIZ;;;;;;;
CUST-70GBMUBOCXOH;;;;;;;
CUST-VJ933CBD8SWD;;;;;;;
CUST-Z4MUF6PNX2J1;;;;;;;
CUST-2RJRFTXCAEDB;;;;;;;
CUST-EQD3GTFWTO75;;;;;;;
CUST-4H4KTPG29SRL;;;;;;;
CUST-E2N3C29WYF31;;;;;;;
CUST-PJ1R0QSS5KC0;;;;;;;
CUST-AV86PDGNBGFC;;;;;;;
CUST-MNX9RFYJUKOD;;;;;;;
CUST-AN2K3QA67NXX;;;;;;;
CUST-GRG5YQ1YH5GH;;;;;;;
CUST-RSIUJEED2AXI;;;;;;;
CUST-BUG2OCF99IAP;;;;;;;
CUST-8UFWPFV8WO9L;;;;;;;
CUST-9DQQ2CUFTU8Z;;;;;;;
CUST-9DWUHFKQBS1I;;;;;;;
CUST-FYSDKMUYKI2N;;;;;;;
CUST-OMII1FLK2QVL;;;;;;;
CUST-FT8HF8Q9H5L3;;;;;;;
CUST-KSN8Y9ISSSPJ;;;;;;;
CUST-M010CX4XN9Z3;;;;;;;
CUST-50T915RN81RS;;;;;;;
CUST-FVQHE9KGSAI5;;;;;;;
CUST-X3QXBGQOZM5J;;;;;;;
CUST-DR93FZWO63GT;;;;;;;
CUST-469OJOKUSOFG;;;;;;;
CUST-QIF7RDR4QL43;;;;;;;
CUST-FR320HQQLYOK;;;;;;;
CUST-84BUWCZVQXWL;;;;;;;
CUST-EN9YVBHZ5J06;;;;;;;
CUST-QVSTOI7DC7TG;;;;;;;
CUST-GH9IN59NE51P;;;;;;;
CUST-8EGET4KUNEPV;;;;;;;
CUST-DQGKCXZD09N5;;;;;;;
CUST-RA174UEISQEJ;;;;;;;
CUST-VXNW8WA6TGO8;;;;;;;
CUST-DQUA2BUVCXUD;;;;;;;
CUST-4AG0Q6OLZ06H;;;;;;;
CUST-E7V2GNXX5LMK;;;;;;;
CUST-7VJ66RXT8936;;;;;;;
CUST-S5O3GTFAT8UL;;;;;;;
CUST-ZCHZKZPNL2GD;;;;;;;
CUST-YVDLQ06O13J1;;;;;;;
CUST-7OLAB75JEHAH;;;;;;;
CUST-VNQ6BRRHOR5D;;;;;;;
CUST-XBBSY2G58UAP;;;;;;;
CUST-I91P7TURJYH5;;;;;;;
CUST-BIVVP3DIQ5LQ;;;;;;;
CUST-3FU77BQNGJGZ;;;;;;;
CUST-41KBUPLSSLUH;;;;;;;
CUST-QC716P4MHF62;;;;;;;
CUST-W5DXI8FQTZGH;;;;;;;
CUST-PXWTM6AASM34;;;;;;;
CUST-ETZEMUI57XRO;;;;;;;
CUST-LNTO896ADS5U;;;;;;;
CUST-ZZGXQ2ATTLTY;;;;;;;
CUST-JXSA5GGTISV2;;;;;;;
CUST-GGV8UP2RMKGY;;;;;;;
CUST-5YKH8MVUP3G9;;;;;;;
CUST-VA82Z5574P51;;;;;;;
CUST-PCOVJ7F345C7;;;;;;;
CUST-RWF7PC0QQ4U6;;;;;;;
CUST-WMVH06JHL1KW;;;;;;;
CUST-18BVR6X2SPFU;;;;;;;
CUST-0NKM1APIWOJ4;;;;;;;
CUST-7QK9Z2HAPLFJ;;;;;;;
CUST-BELINI0CDKYH;;;;;;;
CUST-R562DO69W8IA;;;;;;;
CUST-02ZNX84YQ324;;;;;;;
CUST-TRT5QNCUW04Z;;;;;;;
CUST-BKQNNITS8ENO;;;;;;;
CUST-Y1HB75L5YSG1;;;;;;;
CUST-R4KBMMSIPFNX;;;;;;;
CUST-10567VHR46D0;;;;;;;
CUST-9V1KGZ96Z2P0;;;;;;;
CUST-I08EJQXANR3Q;;;;;;;
CUST-I6G1ZRUZHY9G;;;;;;;
CUST-S4IWXJP4BYXH;;;;;;;
CUST-R5ZECUQVV6IH;;;;;;;
CUST-KINJPHONA5N9;;;;;;;
CUST-UB9065RIZ7L2;;;;;;;
CUST-S9ZQHGLF8WLY;;;;;;;
CUST-YOGDEY06WCPS;;;;;;;
CUST-Z39E25S7PA10;;;;;;;
CUST-GIRYZXM8N95Z;;;;;;;
CUST-30B5B8UCLU8W;;;;;;;
CUST-VA52MUUBHYAO;;;;;;;
CUST-EUMWHWWZAGQW;;;;;;;
CUST-ZYG2IAXKKVIN;;;;;;;
CUST-MU649W8IFUBX;;;;;;;
CUST-NXFYCND6FKEK;;;;;;;
CUST-1WCDCGHR2V51;;;;;;;
CUST-H7W2X6YYP2K5;;;;;;;
CUST-OKR9KOVZVGZ0;;;;;;;
CUST-65UCT9L6C5UW;;;;;;;
CUST-VPMJMCMV2PPB;;;;;;;
CUST-MMHMVQ9IMPS1;;;;;;;
CUST-66JKCDMIQEVW;;;;;;;
CUST-JVUXXWIHOG7I;;;;;;;
CUST-3I27X2NEU2KF;;;;;;;
CUST-OR8D8W3CN1Z5;;;;;;;
CUST-YYH31OB3ZFR9;;;;;;;
CUST-ZWF1SESWWR1H;;;;;;;
CUST-4R0X5VWVS56H;;;;;;;
CUST-HEBUXYQSFU66;;;;;;;
CUST-7FP9XUCYC16Z;;;;;;;
CUST-DSXXRFM0ZHWR;;;;;;;
CUST-G5GQKK56389W;;;;;;;
CUST-M7VE5U6JYI84;;;;;;;
CUST-ICN2RDLHH416;;;;;;;
CUST-LXSKFJRYUO1E;;;;;;;
CUST-6CEJYDEA2R2D;;;;;;;
CUST-W38NUYN1CRIX;;;;;;;
CUST-OL8XKVXZ9HK6;;;;;;;
CUST-OMQ2VF5XAZ3C;;;;;;;
CUST-9CBO0S1R1FAA;;;;;;;
CUST-OSZ2RT12S4AL;;;;;;;
CUST-2J4XVG4BOLRE;;;;;;;
CUST-JSS8FRVY8E0V;;;;;;;
CUST-BL8BH61EOZPB;;;;;;;
CUST-GATSZT1XIE8Z;;;;;;;
CUST-XO4FRHD6Z5RN;;;;;;;
CUST-RKA428XDYMMY;;;;;;;
CUST-HTD8DY0GUN02;;;;;;;
CUST-536Z147QA74U;;;;;;;
CUST-3NVGW07V4LPI;;;;;;;
CUST-844EN10QV3JA;;;;;;;
CUST-O4I6VQBTVQDY;;;;;;;
CUST-L3F3P0D4X4IG;;;;;;;
CUST-OPJHO45OROPD;;;;;;;
CUST-DFLLJJYIXDAD;;;;;;;
CUST-ROKY1GY8LMWA;;;;;;;
CUST-3SO3UHUN1GDS;;;;;;;
CUST-EO3442JUPZJ6;;;;;;;
CUST-S67G92UN2IT2;;;;;;;
CUST-9DQ504BBUTYA;;;;;;;
CUST-PA67EIKXR9KE;;;;;;;
CUST-TP8Q71Y8RHC7;;;;;;;
CUST-ZUIG5V2MIB1Q;;;;;;;
CUST-FYOW6A6EM902;;;;;;;
CUST-2KRLI44GFAZ1;;;;;;;
CUST-GBGCKFAKP6K9;;;;;;;
CUST-QV718IC5V26H;;;;;;;
CUST-0WEF507VPJHK;;;;;;;
CUST-BH5W7T8BLYFP;;;;;;;
CUST-K64S7IRYDFYR;;;;;;;
CUST-V6YMDXRN6Y76;;;;;;;
CUST-1YH7SM1RECLV;;;;;;;
CUST-XLJXYWBN1CCG;;;;;;;
CUST-H9KPRWV2W93K;;;;;;;
CUST-74R1RLDJ6OG1;;;;;;;
CUST-BEWM7KXGQDBT;;;;;;;
CUST-MYHTI8PE3FRR;;;;;;;
CUST-GKUXWDM9VMKT;;;;;;;
CUST-9GJLCVRE5YN4;;;;;;;
CUST-K2AG94T55GHS;;;;;;;
CUST-7482KMR4BLKF;;;;;;;
CUST-4O8RE2FJNFB1;;;;;;;
CUST-O3JLCM5WI49U;;;;;;;
CUST-3SQIQ379DSE3;;;;;;;
CUST-KWEGX6A31JRP;;;;;;;
CUST-UO7FQQHXHKWB;;;;;;;
CUST-FW5BZF7I06NA;;;;;;;
CUST-SSKXLAL2R94V;;;;;;;
CUST-1CUSV2AGR8NZ;;;;;;;
CUST-Q16N4NDL3DDL;;;;;;;
CUST-MICQVK8E1VX9;;;;;;;
CUST-Z1ZNYDOJ6OKZ;;;;;;;
CUST-KRNRIJCVQF3E;;;;;;;
CUST-7HLSF7YBZBQV;;;;;;;
CUST-5FN1NMHWJSJH;;;;;;;
CUST-885DPO54IGCD;;;;;;;
CUST-RYA17C97NCD6;;;;;;;
CUST-E8P28N9IL7QF;;;;;;;
CUST-VN6LZF6KH5K1;;;;;;;
CUST-0FPP1I686UPV;;;;;;;
CUST-9IXJP7YRITWD;;;;;;;
CUST-H915YW2Q24N5;;;;;;;
CUST-CI7BHDO0NTQQ;;;;;;;
CUST-8IMGC5DBG2IF;;;;;;;
CUST-JGSFEDWU4B8G;;;;;;;
CUST-ZZFE8KS5ST6D;;;;;;;
CUST-LN4GA0PN28JB;;;;;;;
CUST-60ZZDO25M4RT;;;;;;;
CUST-ZIB38IIMA4OW;;;;;;;
CUST-HMX9VG6WRHIV;;;;;;;
CUST-OZ9LJ04OW0ON;;;;;;;
CUST-MG0N90Q35KGB;;;;;;;
CUST-5WSZJEE23AK7;;;;;;;
CUST-LGJRVOX8CGHQ;;;;;;;
CUST-HOMCPQNJBLKX;;;;;;;
CUST-ECRGR2TMXYV5;;;;;;;
CUST-X471Y9FW8XO3;;;;;;;
CUST-D8MDPA1BBAGM;;;;;;;
CUST-FC7D0O63XC8I;;;;;;;
CUST-9LDCWN4JUD13;;;;;;;
CUST-36SEEJQHVSYO;;;;;;;
CUST-1EZ95BGXTAO2;;;;;;;
CUST-JVYY8X387IQC;;;;;;;
CUST-Z1UKPEQ0YNTZ;;;;;;;
CUST-WX5K09PS7IPH;;;;;;;
CUST-B275JB8LIXH0;;;;;;;
CUST-5RKPUMY769ZU;;;;;;;
CUST-1623QM5SK9W4;;;;;;;
CUST-PU0DR09274HV;;;;;;;
CUST-XIX2JWTJBNR1;;;;;;;
CUST-JJI59LI8TMS9;;;;;;;
CUST-O1I6QNAHHQ23;;;;;;;
CUST-5J801BPTBH8J;;;;;;;
CUST-QAEC5HFM5AM3;;;;;;;
CUST-ZF64B5V8PDZJ;;;;;;;
CUST-X0N26NQIXL7N;;;;;;;
CUST-KXR5H7GZK74T;;;;;;;
CUST-ABFXIQHYHJO8;;;;;;;
CUST-36ZHJN41RZC3;;;;;;;
CUST-VP4GMR4OO0NI;;;;;;;
CUST-Y1TX2C6PIAFG;;;;;;;
CUST-NQ57NJB9BID0;;;;;;;
CUST-XDZHLXX0YZ14;;;;;;;
CUST-O4KNZWZSHMJI;;;;;;;
CUST-XSSXLHUOG1R2;;;;;;;
CUST-928JK0WRBOWC;;;;;;;
CUST-BEOUB6Y7X218;;;;;;;
CUST-CEXZ2ESTQHGT;;;;;;;
CUST-9W90JNND0JX2;;;;;;;
CUST-KIIX12RDBTAG;;;;;;;
CUST-KGH4RUNI2A5Y;;;;;;;
CUST-K4KBZJPW6CB8;;;;;;;
CUST-O6YQ0N63DITK;;;;;;;
CUST-DJZJZ3KQG8MM;;;;;;;
CUST-L9WJ5CGH9H5I;;;;;;;
CUST-J47RPTN0J8HG;;;;;;;
CUST-PDM6R07UOX0X;;;;;;;
CUST-K1LVL76UJXXU;;;;;;;
CUST-8D8R9GXAGZU3;;;;;;;
CUST-3F9PSZEH2QER;;;;;;;
CUST-TZU60YGM3YZN;;;;;;;
CUST-UNVA062LBHJZ;;;;;;;
CUST-U0D4QBD6F6O6;;;;;;;
CUST-AL55MG1XA1GQ;;;;;;;
CUST-O97XBI8TFJGP;;;;;;;
CUST-5TZ4HZRQIHIH;;;;;;;
CUST-DB332LMHP7TW;;;;;;;
CUST-SE6FEHT7LFEL;;;;;;;
CUST-EFXFU11EBNIM;;;;;;;
CUST-T9VEJPG9E345;;;;;;;
CUST-PST656WXS8EA;;;;;;;
CUST-FK9LOMI0JMYS;;;;;;;
CUST-O4OVN2B0WEAV;;;;;;;
CUST-K3SI21QQSOCF;;;;;;;
CUST-K6JTIYNZGZ7J;;;;;;;
CUST-YMOPEGHQAXBO;;;;;;;
CUST-T99Y6CTW58DV;;;;;;;
CUST-4053RHKTV456;;;;;;;
CUST-DY645ES8AESE;;;;;;;
CUST-V0XCFPRYMUXP;;;;;;;
CUST-PSX7PAY45NXY;;;;;;;
CUST-P5OYK4JYJF4R;;;;;;;
CUST-4PN4J4ZXO4BL;;;;;;;
CUST-FHUHNXQVP4WH;;;;;;;
CUST-WF1QXN2T7C0R;;;;;;;
CUST-UNMD6VAWRCHX;;;;;;;
CUST-WMPIAP388HEA;;;;;;;
CUST-4IZIXDNWQRMG;;;;;;;
CUST-X33DAUQWP6TK;;;;;;;
CUST-B5I38KXH9V39;;;;;;;
CUST-K6R0JAPP85CM;;;;;;;
CUST-3TKO7GTMLPN8;;;;;;;
CUST-JXYR3S1H7FOH;;;;;;;
CUST-46IJDL3WFIH7;;;;;;;
CUST-A9AN6ORON7AQ;;;;;;;
CUST-0ZSRYUNNM9FI;;;;;;;
CUST-0PZHL1VRGWJB;;;;;;;
CUST-ATIQ9T3IV5ZH;;;;;;;
CUST-153ZID4DH9GC;;;;;;;
CUST-G66RH31ANMNE;;;;;;;
CUST-NFPP95T7MVR5;;;;;;;
CUST-J211SPM2YV1G;;;;;;;
CUST-KEESFY6GBT2S;;;;;;;
CUST-5MARTQUCLNWJ;;;;;;;
CUST-P1TMR07NW9FQ;;;;;;;
CUST-QIHRCSUGLOKO;;;;;;;
CUST-ED1KQUW44BQX;;;;;;;
CUST-FFSV9LRN6OTB;;;;;;;
CUST-6QONJ2YPP4GA;;;;;;;
CUST-WE87YL9K1AZO;;;;;;;
CUST-TZ16XIDYFUKX;;;;;;;
CUST-4163BOHQQW38;;;;;;;
CUST-OZA9EJYFNRM9;;;;;;;
CUST-M32ZUCPOUFQL;;;;;;;
CUST-P9DWNQ4FS3ON;;;;;;;
CUST-4KUFZ0T18YAJ;;;;;;;
CUST-276K49BKUTS0;;;;;;;
CUST-DU2L70OFT3AF;;;;;;;
CUST-7Q7JVYYH94JH;;;;;;;
CUST-8KMWTB2DSDXT;;;;;;;
CUST-VJ6FCQXK9CW2;;;;;;;
CUST-IKJ4UIIFGVCU;;;;;;;
CUST-R73BGR7BTP8E;;;;;;;
CUST-WSG7V25IC0S8;;;;;;;
CUST-3RSP29HOIA35;;;;;;;
CUST-NYLYCELMP6FI;;;;;;;
CUST-PO4AT7RK9YCI;;;;;;;
CUST-5BXB81FBWYIQ;;;;;;;
CUST-VZJAGHT2A6Y3;;;;;;;
CUST-GSW6EWCEVP5X;;;;;;;
CUST-7VTKUCOL6YI4;;;;;;;
CUST-ADITFGOYYSPL;;;;;;;
CUST-NXZ9K8W18FGH;;;;;;;
CUST-C7JH0D0Q1XKH;;;;;;;
CUST-07TYWJZY6ONN;;;;;;;
CUST-0VIBX33ZAAD9;;;;;;;
CUST-PJ2QXGZWMBJP;;;;;;;
CUST-TUD0B68G5FWF;;;;;;;
CUST-KB8PN19VR601;;;;;;;
CUST-FU5LG70DQX4T;;;;;;;
CUST-6PHAZO91QO9S;;;;;;;
CUST-IDYKERKBEHAY;;;;;;;
CUST-LAUV6ESQ7ZCI;;;;;;;
CUST-8MS3K6CG5W1E;;;;;;;
CUST-VOZKBNSYNQGS;;;;;;;
CUST-GFI5N9DTJ2JU;;;;;;;
CUST-3IRLGKE1JDTY;;;;;;;
CUST-6I94SKJYAO2G;;;;;;;
CUST-5IJJWH64R0OK;;;;;;;
CUST-A3VE7O7VYYBK;;;;;;;
CUST-29WJ4YGLK86L;;;;;;;
CUST-80IL6CAWYBFG;;;;;;;
CUST-9F2UJFH7J26N;;;;;;;
CUST-MCT9WM2QHMYH;;;;;;;
CUST-XBNNR28504BY;;;;;;;
CUST-RAS3WC7CE119;;;;;;;
CUST-6ELU2LORSINF;;;;;;;
CUST-YBLUL55XKR7B;;;;;;;
CUST-LRPI8AE0AT47;;;;;;;
CUST-XPXSFRUPX51A;;;;;;;
CUST-9WM83101QDTI;;;;;;;
CUST-3YU49JQ312SV;;;;;;;
CUST-F3G6UJYC783Z;;;;;;;
CUST-5F6H6I00DBES;;;;;;;
CUST-PS2R0R3NYYHP;;;;;;;
CUST-T3JKCPCOYODG;;;;;;;
CUST-LST2J0NG2R5A;;;;;;;
CUST-V0Q7K58D2RRP;;;;;;;
CUST-1ML831QZUVI4;;;;;;;
CUST-W1MHD3DOOG6P;;;;;;;
CUST-85LCV6G09EBS;;;;;;;
CUST-W3664I8ZSDTX;;;;;;;
CUST-BK9MFQS0MNOK;;;;;;;
CUST-UUES3EVMXZ6T;;;;;;;
CUST-8XL096OHEO3G;;;;;;;
CUST-2NQR4XJXFKX4;;;;;;;
CUST-8SAIK5Z3D6D9;;;;;;;
CUST-S8SO6QBZVNJ9;;;;;;;
CUST-1L614W9205NO;;;;;;;
CUST-HJAT843X3ER0;;;;;;;
CUST-9BP7NF56VEIT;;;;;;;
CUST-WI9WKS8OTSKC;;;;;;;
CUST-V2WMFLHAW9DW;;;;;;;
CUST-ZHMUN0RKWWSZ;;;;;;;
CUST-OUGQ0XTMS5T8;;;;;;;
CUST-QKWVZCKVOJT2;;;;;;;
CUST-UDIQFXHXPSDB;;;;;;;
CUST-T53J1ZO83IQO;;;;;;;
CUST-HV7YQQGG8TK3;;;;;;;
CUST-PYR37JN7XLHY;;;;;;;
CUST-1VUJ1RGLS0MX;;;;;;;
CUST-HBIFK65DBK19;;;;;;;
CUST-GJ3KMYIPMQGH;;;;;;;
CUST-4K5IKB43APYP;;;;;;;
CUST-7ZLVGAOHQFX4;;;;;;;
CUST-ZAT8FU1RHVIS;;;;;;;
CUST-V27A1LAPQT74;;;;;;;
CUST-9UO97XU73MQV;;;;;;;
CUST-C7UCYBO28BLF;;;;;;;
CUST-1EF3KKZIWNXF;;;;;;;
CUST-1V61RDBQPJ2Y;;;;;;;
CUST-EOOSH48416MN;;;;;;;
CUST-UP441X1S26T5;;;;;;;
CUST-AJYRJ4P4QNPE;;;;;;;
CUST-1FWF3KG5GTUO;;;;;;;
CUST-9ZUE1F4SMC8X;;;;;;;
CUST-QBACW9YNWP81;;;;;;;
CUST-06H2XFYJTAGG;;;;;;;
CUST-B3IJ1F1YHIK3;;;;;;;
CUST-DLJ6CW3QNDN9;;;;;;;
CUST-KC079E7XEL1R;;;;;;;
CUST-2BD80AH5J2R2;;;;;;;
CUST-177YX9HVYKKM;;;;;;;
CUST-S41ZJZAN9S4D;;;;;;;
CUST-IRCOBDM2SMDA;;;;;;;
CUST-GY28BQ91XW0Y;;;;;;;
CUST-OUP79OA1RCOS;;;;;;;
CUST-PET6GNCZTWX6;;;;;;;
CUST-ZF3VXD6SR2NV;;;;;;;
CUST-9MR8NY3YGV25;;;;;;;
CUST-1643LVF1SLZM;;;;;;;
CUST-3R247QCO4ZHB;;;;;;;
CUST-GFGVLI6I8XXQ;;;;;;;
CUST-TUA05XXEOY09;;;;;;;
CUST-6150X8XKC2Z4;;;;;;;
CUST-TELCAOFC3TA5;;;;;;;
CUST-ORZBLF2LBYSA;;;;;;;
CUST-WBKXOIIX59SA;;;;;;;
CUST-BJD282ENDEQJ;;;;;;;
CUST-HWW5HB752NWD;;;;;;;
CUST-8K0P4TATG0KI;;;;;;;
CUST-I15MNIA9JN57;;;;;;;
CUST-COMKCI0Z3LKS;;;;;;;
CUST-0UNJE5EOSXVP;;;;;;;
CUST-GAFBU3ZV4WEU;;;;;;;
CUST-QWVZ7N6NRHXZ;;;;;;;
CUST-CNTA50IM2K0Y;;;;;;;
CUST-0HZ4MYGE1TRC;;;;;;;
CUST-6T3JRG25XU18;;;;;;;
CUST-H47C8RX72H7P;;;;;;;
CUST-GW6Y6Q3WU2N4;;;;;;;
CUST-YR26FGDT7OQL;;;;;;;
CUST-IR01DMYY8BL3;;;;;;;
CUST-JCH44JT1W8A1;;;;;;;
CUST-L1Q4VSVUPCUX;;;;;;;
CUST-NHWI0DGNESYI;;;;;;;
CUST-2OZ6JVQYYNL1;;;;;;;
CUST-0EKJ7KWRDC6O;;;;;;;
CUST-PMRPZWJDXRZ2;;;;;;;
CUST-FD76UDCVC1UO;;;;;;;
CUST-O0ZLBRHLY55F;;;;;;;
CUST-QOOTFYHVVU4D;;;;;;;
CUST-XBXWDPTJO6H6;;;;;;;
CUST-09PH1D3UNXXB;;;;;;;
CUST-X1LEF4AWNIWR;;;;;;;
CUST-NM03S3T6T0KX;;;;;;;
CUST-SQNO3YAEZQY8;;;;;;;
CUST-9Z654GD3QN2U;;;;;;;
CUST-0T9PMU5Y4CEG;;;;;;;
CUST-QCL542EZ3OJ9;;;;;;;
CUST-UK04QPB4U85C;;;;;;;
CUST-6Z3EA9O98Q07;;;;;;;
CUST-G58MGLX2VOHD;;;;;;;
CUST-XYIOKWO9TX5F;;;;;;;
CUST-5MP10JSTSIHL;;;;;;;
CUST-XCV222JOPY6X;;;;;;;
CUST-FYJ6T4QEJOF1;;;;;;;
CUST-HT1D1QP43XMY;;;;;;;
CUST-1LPHY8FIJOT2;;;;;;;
CUST-1YZMBBFKV403;;;;;;;
CUST-A94GUXPBBNQF;;;;;;;
CUST-IWBZFZAEKLG4;;;;;;;
CUST-2C2BF4V9FUTI;;;;;;;
CUST-CCLSB6YT40JW;;;;;;;
CUST-YMG565YVL3N1;;;;;;;
CUST-EX22O3AO0GMI;;;;;;;
CUST-3Q42QVBOJMSB;;;;;;;
CUST-XZJXD89JTQIU;;;;;;;
CUST-O6GYZKC6JEX5;;;;;;;
CUST-8CF64SY3CZ9V;;;;;;;
CUST-SWJZIF4ADQK5;;;;;;;
CUST-PXCEPLH5CEEC;;;;;;;
CUST-WMGJQYPM3HIK;;;;;;;
CUST-HDPQNDXQPLIG;;;;;;;
CUST-EENJH2H3D0KD;;;;;;;
CUST-KREZ1HBC3I49;;;;;;;
CUST-YTKIMWFN30VN;;;;;;;
CUST-Y83J382YAIOG;;;;;;;
CUST-OLMM5F6T26FL;;;;;;;
CUST-W6U2D8BAI85N;;;;;;;
CUST-P84DHBR32JHL;;;;;;;
CUST-UBC9XJO9OW77;;;;;;;
CUST-FT1ZPLMXGH2O;;;;;;;
CUST-DBDQX82OR8XX;;;;;;;
CUST-KXVHE28J3YUU;;;;;;;
CUST-EW4WIH1JKFJU;;;;;;;
CUST-RDAGRXDA2I9P;;;;;;;
CUST-0ZISVOGTL1XN;;;;;;;
CUST-M94GFL45JBPX;;;;;;;
CUST-AAJP6S67413E;;;;;;;
CUST-AR1JKOOPQ8PY;;;;;;;
CUST-D4JXIN5BDE77;;;;;;;
CUST-2WOVMVW6H6MX;;;;;;;
CUST-CQ34Z9TIWVAX;;;;;;;
CUST-71OQ9FZYN0RA;;;;;;;
CUST-2ZIFAN87FX0U;;;;;;;
CUST-CG50ID439KWW;;;;;;;
CUST-ZLK746VPDGR8;;;;;;;
CUST-6616EUR0KKVF;;;;;;;
CUST-HR2AEO2N0BWK;;;;;;;
CUST-SSYGRIY26JIT;;;;;;;
CUST-ETYNO7C4O34T;;;;;;;
CUST-GH4OYEYZXLXK;;;;;;;
CUST-E432C9A0OFAC;;;;;;;
CUST-3OT99HACN7WG;;;;;;;
CUST-MMMSW2VZQDHA;;;;;;;
CUST-LTG6X18F7Z4W;;;;;;;
CUST-TMGIJROK2LVN;;;;;;;
CUST-GFHFXID86NKC;;;;;;;
CUST-JU4835K8EFAM;;;;;;;
CUST-CYU5XJX6SCO6;;;;;;;
CUST-3MNAZEFQ6U6U;;;;;;;
CUST-QZ41T0SE6T1D;;;;;;;
CUST-GCFSCBLQQBEK;;;;;;;
CUST-O79I86BPC7E6;;;;;;;
CUST-4TE6L5IO2LFY;;;;;;;
CUST-GHO8V34D1YBZ;;;;;;;
CUST-B5FU5DSQZRO1;;;;;;;
CUST-F8PBIHIN4WEX;;;;;;;
CUST-KXNY843MDFOX;;;;;;;
CUST-WX27XDLL7PK8;;;;;;;
CUST-7IOVRYKFV1L5;;;;;;;
CUST-KL752ENTX6RF;;;;;;;
CUST-0JWO8G3IQM6D;;;;;;;
CUST-D75J7MXVCWER;;;;;;;
CUST-ZKRJLUN8RHVU;;;;;;;
CUST-E8TD28P09POL;;;;;;;
CUST-SZ7DFLHJS39A;;;;;;;
CUST-X8YF3NG75ZKO;;;;;;;
CUST-C2NJ6N593PWT;;;;;;;
CUST-V4T9BZ4ZDQRU;;;;;;;
CUST-CUA37GP8GABQ;;;;;;;
CUST-EF9QR2K612JI;;;;;;;
CUST-MBC46UH0RL07;;;;;;;
CUST-XIN5FJ0D6UQD;;;;;;;
CUST-EUF3U2I7U1HZ;;;;;;;
CUST-WU3I30UI630E;;;;;;;
CUST-OEWC6D7IU1K6;;;;;;;
CUST-8BKUP771QSB2;;;;;;;
CUST-T3BV9U8X3FA7;;;;;;;
CUST-PYU81W42QFKN;;;;;;;
CUST-QS552V3WSSXH;;;;;;;
CUST-8X7ZB31JSR4G;;;;;;;
CUST-PWYAPEB27LYP;;;;;;;
CUST-5PYS5HO1CDS9;;;;;;;
CUST-Z8QOHU25HSGE;;;;;;;
CUST-1YROHOGB93WD;;;;;;;
CUST-K9OZVVUK2HAQ;;;;;;;
CUST-6YVHY6ZHNOZA;;;;;;;
CUST-226JWN3GIYOW;;;;;;;
CUST-YR0KTIV25QCV;;;;;;;
CUST-645O64BK65AU;;;;;;;
CUST-UR09FXZ5D2KR;;;;;;;
CUST-MGED49L1YI6E;;;;;;;
CUST-N6TOIYR1KD2Z;;;;;;;
CUST-XN7ARAA6VBUW;;;;;;;
CUST-1DX04E6M4M4A;;;;;;;
CUST-K7WK9CJAJ9KG;;;;;;;
CUST-KS34663ZSLS3;;;;;;;
CUST-RZFFJV3NOYBW;;;;;;;
CUST-9RI9PE93KLB7;;;;;;;
CUST-SIICVX2MG3Q2;;;;;;;
CUST-Z1NAM9FH7UYN;;;;;;;
CUST-AT38QUTOSRU7;;;;;;;
CUST-U6EBOPW1ALHZ;;;;;;;
CUST-M3OD197URIWM;;;;;;;
CUST-R7E1GIA5B7LV;;;;;;;
CUST-RP9D43BG2Y7T;;;;;;;
CUST-FQJMEKJ8PR28;;;;;;;
CUST-S83WTZQIN2AO;;;;;;;
CUST-AE95VCXYZHN7;;;;;;;
CUST-32OA4QDWVGHZ;;;;;;;
CUST-O63POP73YN3H;;;;;;;
CUST-PE8DHYUTC5MM;;;;;;;
CUST-H2LNY4WEVW6S;;;;;;;
CUST-F7NCMHRMDISF;;;;;;;
CUST-XPFBLPBD6YST;;;;;;;
CUST-1HXLB1F71D2P;;;;;;;
CUST-P3HW4MFRVVDG;;;;;;;
CUST-FU4PSHR4L33A;;;;;;;
CUST-O8U05Z5LZ4ZI;;;;;;;
CUST-5JGUGCXLBCFR;;;;;;;
CUST-NAO49YXNAZIK;;;;;;;
CUST-7YI6E54B3ZNU;;;;;;;
CUST-3S0ZC4ZT711B;;;;;;;
CUST-VKI6X0OWGK8M;;;;;;;
CUST-CZFRTKZ316Z7;;;;;;;
CUST-R71NSJM8AYEX;;;;;;;
CUST-RKJ856RIT3PH;;;;;;;
CUST-0FKO23NSFG51;;;;;;;
CUST-ST03LMH21OKQ;;;;;;;
CUST-WKP317E2W6PN;;;;;;;
CUST-PIWMPRMZNUR3;;;;;;;
CUST-ZDJVEZ81C0OI;;;;;;;
CUST-6AQU1Q0EZR0K;;;;;;;
CUST-CEW25RD9HZX2;;;;;;;
CUST-SNB147ETKTMT;;;;;;;
CUST-43KT6TRKT7DO;;;;;;;
CUST-G69D3RPLCMOP;;;;;;;
CUST-F3QABGPBEQL1;;;;;;;
CUST-MG8ZE81S45H3;;;;;;;
CUST-CZBFAI16P3RX;;;;;;;
CUST-T1UH8N7E2VI7;;;;;;;
CUST-HGKADQ0XGTXI;;;;;;;
CUST-NL1JAE276OYM;;;;;;;
CUST-JMJ5R89W3437;;;;;;;
CUST-XXZMEWU36RJ3;;;;;;;
CUST-VSFJ3B2CX85Y;;;;;;;
CUST-ONXLZCZVG32R;;;;;;;
CUST-JZPHVFIA0Z89;;;;;;;
CUST-NOE8X8LT2IWH;;;;;;;
CUST-I3MHPVC48DMB;;;;;;;
CUST-5NE8I2GQK470;;;;;;;
CUST-VDPZWKE2DWAD;;;;;;;
CUST-X72AW6JN07ZS;;;;;;;
CUST-BQ7HQBQZPJ6O;;;;;;;
CUST-VLT7RXPAIBZC;;;;;;;
CUST-64T10OF4VYN9;;;;;;;
CUST-5IIAO6MZ6U32;;;;;;;
CUST-I8EA6Z3GQYVH;;;;;;;
CUST-HC2FZUB2OJTF;;;;;;;
CUST-7YXTJLHIBW36;;;;;;;
CUST-K64VEEE0H8YV;;;;;;;
CUST-MO5SU8P0JHDT;;;;;;;
CUST-YUIZRUZQBW92;;;;;;;
CUST-61HIIHRWAG6W;;;;;;;
CUST-IHX9X7GD2FKO;;;;;;;
CUST-CDUYEQEI52QG;;;;;;;
CUST-81MIE3GTE030;;;;;;;
CUST-CHEFCUKS5M0V;;;;;;;
CUST-6NC1IPAYTIQD;;;;;;;
CUST-V8UY45N5LRMY;;;;;;;
CUST-PM5Q7YC5TEW9;;;;;;;
CUST-QSZBIQTKXJ34;;;;;;;
CUST-8AD4YT024UVB;;;;;;;
CUST-DKT72T9DXOI9;;;;;;;
CUST-FMJZQJXKP31J;;;;;;;
CUST-MMOT4DO3ZI20;;;;;;;
CUST-BAGCQTI4BQVK;;;;;;;
CUST-E7OM7ASBBHEN;;;;;;;
CUST-GV7LNT08ZW1T;;;;;;;
CUST-SBU0W4VJCK0W;;;;;;;
CUST-9ZSSXQ17IFOR;;;;;;;
CUST-5JG9TWYVC416;;;;;;;
CUST-Y5PASK3M43ER;;;;;;;
CUST-EIHBFX7FENSC;;;;;;;
CUST-14Y5UAKWCJWD;;;;;;;
CUST-3ARN0NMC8G62;;;;;;;
CUST-KQJKRY2W1WMG;;;;;;;
CUST-18MECSPXX6S0;;;;;;;
CUST-93TQSHZ5D56Z;;;;;;;
CUST-L045R0SIEMO6;;;;;;;
CUST-7I6N7DE0V09D;;;;;;;
CUST-7DHM3JG63LLG;;;;;;;
CUST-4U9WCKUKME6H;;;;;;;
CUST-4MV8EO8COUAM;;;;;;;
CUST-UTRUSR9NPBZC;;;;;;;
CUST-YWUCVZTOVLY4;;;;;;;
CUST-1P65GB9158ZE;;;;;;;
CUST-1DV3456M8IE2;;;;;;;
CUST-6D2I34UEWJ6H;;;;;;;
CUST-ML0LQH40NZRP;;;;;;;
CUST-XM98W512AXIV;;;;;;;
CUST-KU3AZR4F5A5Q;;;;;;;
CUST-GHUURYR8H27Z;;;;;;;
CUST-AOPC4158YH57;;;;;;;
CUST-HINARNEOXK24;;;;;;;
CUST-T9AOVUEU8GT8;;;;;;;
CUST-V37IAU2O4C21;;;;;;;
CUST-S5SUNF7D5W85;;;;;;;
CUST-2CRM9B90RML8;;;;;;;
CUST-IHOM770U7KH8;;;;;;;
CUST-TKRVK7J9HK0K;;;;;;;
CUST-9WS1150RTB34;;;;;;;
CUST-WU2NK4BJONU3;;;;;;;
CUST-N7NE23Y8PK20;;;;;;;
CUST-MPF2H4YP15AJ;;;;;;;
CUST-HEEEXIIPPJQM;;;;;;;
CUST-OL68O7M93R1M;;;;;;;
CUST-XX0TKNS81TQW;;;;;;;
CUST-EENCQQNF2KKI;;;;;;;
CUST-5ILCDPD3297S;;;;;;;
CUST-2UBVCS8HSUV2;;;;;;;
CUST-8O6MK2JUV1SV;;;;;;;
CUST-7OSZJGGCGXU8;;;;;;;
CUST-9LAG8PZSLWS3;;;;;;;
CUST-5610GKIRVO9E;;;;;;;
CUST-2ODXAVG91Y21;;;;;;;
CUST-S9ADP673HCN1;;;;;;;
CUST-ELOKRKQ6RTLR;;;;;;;
CUST-0COFOZHQUGB4;;;;;;;
CUST-6YXQVBEBOFD4;;;;;;;
CUST-85OPGSQDHX2E;;;;;;;
CUST-01R57HMGTQ5H;;;;;;;
CUST-L0RB6LBECKQ9;;;;;;;
CUST-JKBHXF6QIJKT;;;;;;;
CUST-AGRFYYMFKEEX;;;;;;;
CUST-ODYGG231OCGN;;;;;;;
CUST-RZMBGYBRQT3L;;;;;;;
CUST-OMPW6M4TKNHR;;;;;;;
CUST-W870PE4CO2UI;;;;;;;
CUST-7WVFTK9FIQWG;;;;;;;
CUST-YEI7I26KK0E4;;;;;;;
CUST-XNMEYTLEOKQL;;;;;;;
CUST-85Z187EL90R7;;;;;;;
CUST-ZU2AZ7HQ1PAD;;;;;;;
CUST-XHBKHST8C4RU;;;;;;;
CUST-N0DDRCGZHUSM;;;;;;;
CUST-NKECSOFZ4MVJ;;;;;;;
CUST-V1DJZ620U130;;;;;;;
CUST-JA1UZ1T3BENR;;;;;;;
CUST-NBBL8X609ILY;;;;;;;
CUST-IXSAYMMD9HUX;;;;;;;
CUST-H9OH76IEU18E;;;;;;;
CUST-W56CTNZ71F0K;;;;;;;
CUST-MP66W8PGTVFM;;;;;;;
CUST-FZCYLPRY7VXR;;;;;;;
CUST-I7NL8BMTGJY1;;;;;;;
CUST-JV8370WLY6CQ;;;;;;;
CUST-9BDE9VC5R5QF;;;;;;;
CUST-EPSHKGHSVM68;;;;;;;
CUST-MJ27PSVFS53Y;;;;;;;
CUST-AZGG5UOHBASX;;;;;;;
CUST-JWCYZEC6FVYC;;;;;;;
CUST-PFVJOMQKIJT8;;;;;;;
CUST-QAHF4ULIPAOJ;;;;;;;
CUST-VCF624ST2P3P;;;;;;;
CUST-TNND4SAMU9OC;;;;;;;
CUST-DN2QO5DR6NCJ;;;;;;;
CUST-RDX6A2XRZ2T3;;;;;;;
CUST-9GUNMR5CMTWC;;;;;;;
CUST-2SKX5X60PU6L;;;;;;;
CUST-TM8HTMQT0H1T;;;;;;;
CUST-R1T8TJ5RR9QJ;;;;;;;
CUST-AX4NUNF32GAK;;;;;;;
CUST-QLGUE4G24A3Q;;;;;;;
CUST-38O7089V36P8;;;;;;;
CUST-I97LO97WRRIV;;;;;;;
CUST-ZC7D3DS97IH8;;;;;;;
CUST-PMQBOE7L9AR5;;;;;;;
CUST-XYSC5PKWBO9T;;;;;;;
CUST-YMJHZ6VYG1ZF;;;;;;;
CUST-7KVFA13NKF0T;;;;;;;
CUST-ZJRVT91VUT54;;;;;;;
CUST-ZRCE07N00E7S;;;;;;;
CUST-9RX7Q2Z935Z3;;;;;;;
CUST-ILVDJ08GSQII;;;;;;;
CUST-T33OZJJ1JJ96;;;;;;;
CUST-K9770QMDFPVN;;;;;;;
CUST-KYZHZ4V0IUNA;;;;;;;
CUST-4IOQDL01G30G;;;;;;;
CUST-SSCLEP491G5G;;;;;;;
CUST-Z0WB0J6AYKTM;;;;;;;
CUST-DWWLK06QETC5;;;;;;;
CUST-LXWUOZXLP094;;;;;;;
CUST-V9NG1Y48YLRJ;;;;;;;
CUST-PEDPH2RCSGHZ;;;;;;;
CUST-MM3W6BZFPCOR;;;;;;;
CUST-CUIAQS67JXMO;;;;;;;
CUST-JQOJMSSODIZ7;;;;;;;
CUST-GGTVGN9V3JA0;;;;;;;
CUST-ZIIFPMKIT640;;;;;;;
CUST-A26UA0PS2KBD;;;;;;;
CUST-EU7B1Z3KC03M;;;;;;;
CUST-GB8TFAP2ON6G;;;;;;;
CUST-5BF8O792JQ20;;;;;;;
CUST-K4NKKAYE90FN;;;;;;;
CUST-9XGFMDDQT246;;;;;;;
CUST-MMT3QOXH0DSJ;;;;;;;
CUST-B4RTTVFKCEJO;;;;;;;
CUST-F6U0D13NQ95U;;;;;;;
CUST-2LHCRDRIOZF8;;;;;;;
CUST-YLDNVGI2C0GG;;;;;;;
CUST-3VKVD6V75QAP;;;;;;;
CUST-ONESZJCFRP4X;;;;;;;
CUST-M7YCR1HY9KMV;;;;;;;
CUST-JF3JRJ7DP34M;;;;;;;
CUST-TBJB6YNX386K;;;;;;;
CUST-OFT48KLVAORE;;;;;;;
CUST-9SJKHN5RCRYH;;;;;;;
CUST-HLZOU53U47PS;;;;;;;
CUST-F9T258GK0I22;;;;;;;
CUST-RP6I8L1XLFQM;;;;;;;
CUST-UP6CVS81MNJD;;;;;;;
CUST-EW7HLMSA1EZV;;;;;;;
CUST-BPVU6UVCI3XJ;;;;;;;
CUST-G52A820NESS7;;;;;;;
CUST-HGC1E6EEQBFX;;;;;;;
CUST-USJY42IFJTGW;;;;;;;
CUST-L4M8CV9O5V3J;;;;;;;
CUST-4MOBIPZ8E8DY;;;;;;;
CUST-0SIPVAIPXAT6;;;;;;;
CUST-H30MIAHVB852;;;;;;;
CUST-96FQ2N8NNT6P;;;;;;;
CUST-DRDAF2HGSFS2;;;;;;;
CUST-IEQ7M4KOOT3I;;;;;;;
CUST-IFHFJHMIG07M;;;;;;;
CUST-JANUYI8LDTJ7;;;;;;;
CUST-3VZJBZ3S1Y9L;;;;;;;
CUST-HDG0XU4XUIMM;;;;;;;
CUST-SJ6QNGYMZVWG;;;;;;;
CUST-TF7H3J46H51G;;;;;;;
CUST-A2LCJC6IPIAU;;;;;;;
CUST-O5201TR2WI12;;;;;;;
CUST-PH4ZOIODYCRP;;;;;;;
CUST-0ZMJ4S623AFO;;;;;;;
CUST-IILXIDTFE6EA;;;;;;;
CUST-SZHZ8HZ7SCDE;;;;;;;
CUST-NHFX324EEQHR;;;;;;;
CUST-WHA8RTS5KYGR;;;;;;;
CUST-I6WKNTOU1KSC;;;;;;;
CUST-LKOYY6J4WH1R;;;;;;;
CUST-OMH3ULQ2TSFH;;;;;;;
CUST-HO9X9KYLKMME;;;;;;;
CUST-PWLXFL42Y18Z;;;;;;;
CUST-KVD3K2947991;;;;;;;
CUST-QL16SGWJTKTN;;;;;;;
CUST-76NQJW5KHTJ2;;;;;;;
CUST-FOUA3U2T4XAZ;;;;;;;
CUST-QX20WU4HP22T;;;;;;;
CUST-2KOHGEXCDJDB;;;;;;;
CUST-WZHQD336CRJ8;;;;;;;
CUST-0Q6DPH2HT4D4;;;;;;;
CUST-7R1CRC1FM5UR;;;;;;;
CUST-27QBO6CACJUA;;;;;;;
CUST-SF9TCR0G2MRQ;;;;;;;
CUST-MWZ5BPQ62SJL;;;;;;;
CUST-GL79CT1LAW0T;;;;;;;
CUST-AO78AH6KSR59;;;;;;;
CUST-6TWYZCLXB8V6;;;;;;;
CUST-FV5JN7CV1ETV;;;;;;;
CUST-G42Z6WE8QLWJ;;;;;;;
CUST-7HSUEF8CGYBT;;;;;;;
CUST-5JEC97GLSUJQ;;;;;;;
CUST-RBBEGYXAXBOT;;;;;;;
CUST-F6LUMTX6GZE5;;;;;;;
CUST-R6GWT3C4QTK5;;;;;;;
CUST-CZP3OR6QE4MA;;;;;;;
CUST-SZZOS1XL2ZQ0;;;;;;;
CUST-FAYTXPTW6LHQ;;;;;;;
CUST-8KIS5T7OZGB3;;;;;;;
CUST-M96HJQHY1MHI;;;;;;;
CUST-4OQQN2JT50BU;;;;;;;
CUST-A2X07LD11GKK;;;;;;;
CUST-SQLT3SYPVM9O;;;;;;;
CUST-EDVLQX85E3T8;;;;;;;
CUST-U1SD863YGPYF;;;;;;;
CUST-6IDS1NAII41U;;;;;;;
CUST-MI2VJPYFU272;;;;;;;
CUST-OW0B6VYLQATE;;;;;;;
CUST-RVVW9DE88KKY;;;;;;;
CUST-2XILAT99DGOT;;;;;;;
CUST-6PLIRETXRPKA;;;;;;;
CUST-N5ZNGLZDDFRA;;;;;;;
CUST-L2XOGWK5JM8Q;;;;;;;
CUST-1X574YTUMFJY;;;;;;;
CUST-6U48NBGZYNIY;;;;;;;
CUST-IOG9P2WTNC2O;;;;;;;
CUST-T3FMUOESAHY1;;;;;;;
CUST-RE1777W3K1FX;;;;;;;
CUST-J53CUCZ02HKB;;;;;;;
CUST-RHV32JFNNBEN;;;;;;;
CUST-9HK4LQ5Q328Y;;;;;;;
CUST-37V78UNF5TOQ;;;;;;;
CUST-5M8SNCQQM5VN;;;;;;;
CUST-FCWCFWGNNDAN;;;;;;;
CUST-LK1MXTSUAJK4;;;;;;;
CUST-YFUDBGKXZURR;;;;;;;
CUST-89UPPH07LEDY;;;;;;;
CUST-NIAVFL15IF40;;;;;;;
CUST-WU7ZKQJE4L17;;;;;;;
CUST-LMO5CUMX0V1J;;;;;;;
CUST-YWQUMS78CUZ7;;;;;;;
CUST-ULYKUBAZTYU0;;;;;;;
CUST-ZMAOVX8XYGJY;;;;;;;
CUST-L79PPLDBLYX2;;;;;;;
CUST-VNTANNNLFZ1Z;;;;;;;
CUST-S0NF7U7T4CJQ;;;;;;;
CUST-8YNYIAQALRW9;;;;;;;
CUST-UGO97QGV0JQ9;;;;;;;
CUST-0E7OQIQ2RMXT;;;;;;;
CUST-W8TFOJ5PO48E;;;;;;;
CUST-M4KZW3XRNOIN;;;;;;;
CUST-COSY8YDTG421;;;;;;;
CUST-JYTI3TO8UIH1;;;;;;;
CUST-0GHCU2IJ4PWP;;;;;;;
CUST-KHFNVNIJIZKT;;;;;;;
CUST-BV0B3BJMRDHG;;;;;;;
CUST-4KLMGW0XIGDB;;;;;;;
CUST-H3OY7XDTRC6Q;;;;;;;
CUST-XKXJNUN2V27G;;;;;;;
CUST-3LQP0NIWXZ36;;;;;;;
CUST-67VWFPQSFF40;;;;;;;
CUST-88T1IIKIYPJ8;;;;;;;
CUST-DII5QSGI701P;;;;;;;
CUST-YWFOCDVGDJ4L;;;;;;;
CUST-Y48ZR5VXSHLZ;;;;;;;
CUST-O1M1XCAG1R5B;;;;;;;
CUST-T7J2Q4PKCDWZ;;;;;;;
CUST-KSFK8ZZAHCRB;;;;;;;
CUST-9EDIZVSF4E0O;;;;;;;
CUST-9SUVU4ZU7B63;;;;;;;
CUST-F2O00KTD71NR;;;;;;;
CUST-6OKCZ3CJZ5GM;;;;;;;
CUST-EHTH6UQZTKHF;;;;;;;
CUST-2JZAFBOQ0TI3;;;;;;;
CUST-CDCHY9XL5J23;;;;;;;
CUST-UNCUBFAX1KHG;;;;;;;
CUST-9U1X5QU299QH;;;;;;;
CUST-BA6YRP37TZ8E;;;;;;;
CUST-0O2C48EAVD11;;;;;;;
CUST-WY4RZZE139IJ;;;;;;;
CUST-7BU5XL7SKSDG;;;;;;;
CUST-SIPQHWPCMDNW;;;;;;;
CUST-UIJOMTJ4S3KI;;;;;;;
CUST-7RAT06D0TTSB;;;;;;;
CUST-UBO8XC72I5HI;;;;;;;
CUST-JMLJVORIRPR2;;;;;;;
CUST-JJGBLVH21512;;;;;;;
CUST-J6IQ0HYZVX61;;;;;;;
CUST-N5VDILYPJ8SL;;;;;;;
CUST-FB8DQ5Y143WG;;;;;;;
CUST-BLHBVOIUDKU0;;;;;;;
CUST-5TO8FJ9DBWCB;;;;;;;
CUST-NS8JV5HZZSY4;;;;;;;
CUST-UDI77MV5NKDG;;;;;;;
CUST-UJB1MCAET04F;;;;;;;
CUST-SGMTXR58U5TB;;;;;;;
CUST-1XI36NU7VFJ2;;;;;;;
CUST-C1QCO1XBAP2U;;;;;;;
CUST-L65IXUENFS2W;;;;;;;
CUST-Q3S0HT017XIM;;;;;;;
CUST-72VKN4VTQE9T;;;;;;;
CUST-PMGKNLR1ZQ5D;;;;;;;
CUST-QNIEITGWENQN;;;;;;;
CUST-JF4FNZ6KPN4J;;;;;;;
CUST-QIJ4Y62EXTQG;;;;;;;
CUST-2JOKYY52SV7Z;;;;;;;
CUST-NIUB078LFPF8;;;;;;;
CUST-P0BZD2GKD49V;;;;;;;
CUST-I9K3RPTPTD7S;;;;;;;
CUST-VQ0D6NWQJFD3;;;;;;;
CUST-LXDQFV6LOTYE;;;;;;;
CUST-FJ56XDZ8LLZI;;;;;;;
CUST-8VH9C4372JGW;;;;;;;
CUST-U7JJ0LOJSNY9;;;;;;;
CUST-G1SFYW3VLWIG;;;;;;;
CUST-5VDUP9MS791W;;;;;;;
CUST-W4QQYYVTTBK6;;;;;;;
CUST-T1VV27QJ1DWU;;;;;;;
CUST-7NJZEWIPC864;;;;;;;
CUST-K1SI9SWKJ4PV;;;;;;;
CUST-GF8IE71UAB6Y;;;;;;;
CUST-F7AU6NPNSIBM;;;;;;;
CUST-U1MTPDZQ38WS;;;;;;;
CUST-GZDAWLA0O91J;;;;;;;
CUST-8PHNN57JPNUW;;;;;;;
CUST-9Y1AF5K2ZNL4;;;;;;;
CUST-TDHI1VC2D4SH;;;;;;;
CUST-Z4WIR04GGWT6;;;;;;;
CUST-OUNGEI7A1EAL;;;;;;;
CUST-MHBQU3XZ6IQ9;;;;;;;
CUST-0ON1Q5FGLP7J;;;;;;;
CUST-YMICXHXALGZC;;;;;;;
CUST-KY8AQ8H6VR5U;;;;;;;
CUST-Z4MMNWLVJKKV;;;;;;;
CUST-2F2VY0XFDP0T;;;;;;;
CUST-SYS2V9ZTGICU;;;;;;;
CUST-NQAB4T4UDZ3X;;;;;;;
CUST-O53370TVTGKE;;;;;;;
CUST-9NDSOMBS8ZMQ;;;;;;;
CUST-PT2NXSELQPSV;;;;;;;
CUST-VAMO12BZ3Q23;;;;;;;
CUST-6I3LXU6ETJ2L;;;;;;;
CUST-QP6PKZIN0BGY;;;;;;;
CUST-V5KUXNJDXTUR;;;;;;;
CUST-JAU1MBQGKSKI;;;;;;;
CUST-YBEX6YZC9F50;;;;;;;
CUST-3ZKLR8JTGDB6;;;;;;;
CUST-54LWS25Y31WR;;;;;;;
CUST-2LC6T8DGHFMQ;;;;;;;
CUST-4Z5PWGP7Z6IX;;;;;;;
CUST-DGYK34JNII6L;;;;;;;
CUST-0RFOLJOUIWM4;;;;;;;
CUST-9JF3YEMOQ7WD;;;;;;;
CUST-0P2819PJWZ10;;;;;;;
CUST-5CDXK9JPGZJ6;;;;;;;
CUST-T8FEM914JBT9;;;;;;;
CUST-Q9NEI99IPV4J;;;;;;;
CUST-75GFKLFOFV3I;;;;;;;
CUST-VR9O54A46EVF;;;;;;;
CUST-1I4A12SVPP3Z;;;;;;;
CUST-4URWCCD4TGSS;;;;;;;
CUST-WQIIC4MVL6KH;;;;;;;
CUST-IVI7LELOKN5Q;;;;;;;
CUST-1P5W1EDPW55S;;;;;;;
CUST-KUUK0I3G9L2I;;;;;;;
CUST-BI790IT0VQN8;;;;;;;
CUST-PFUSLUOIOPP2;;;;;;;
CUST-D19DDCDE72I4;;;;;;;
CUST-Y2F9Q5DOOII6;;;;;;;
CUST-8C2XEA68FYGL;;;;;;;
CUST-N5UMDLFEHBCS;;;;;;;
CUST-AM0P4EZ4DTOX;;;;;;;
CUST-4424JN7M0AP9;;;;;;;
CUST-OJ3PRL8RQEPL;;;;;;;
CUST-M2OIIX9EFQ2S;;;;;;;
CUST-UX1QVX763ACH;;;;;;;
CUST-FO11T0WFF161;;;;;;;
CUST-JLSOJCGMBUJ6;;;;;;;
CUST-CSODPC79JVEO;;;;;;;
CUST-5KMA1V4P6MIS;;;;;;;
CUST-KYPNVVJN7QQ9;;;;;;;
CUST-DNXUNP67MWVL;;;;;;;
CUST-W4I4JPVAU4GH;;;;;;;
CUST-95TSV9S8RT30;;;;;;;
CUST-2UF90OAHORIC;;;;;;;
CUST-OUE8XSY4P1J5;;;;;;;
CUST-PUBH92IJVBLY;;;;;;;
CUST-K5S1WOQXJGIP;;;;;;;
CUST-WZV1EXIYVKAO;;;;;;;
CUST-QQKQHRLKRICE;;;;;;;
CUST-1PXIKYLABIIL;;;;;;;
CUST-145RNRCXI9AU;;;;;;;
CUST-0WVTF1Z3AY1W;;;;;;;
CUST-MK583DO3396M;;;;;;;
CUST-TKEW677Q4YOL;;;;;;;
CUST-95G2OLVP1STO;;;;;;;
CUST-HI9GJLZ4EUJU;;;;;;;
CUST-2L9NQ83CCRXW;;;;;;;
CUST-6IVUZJKTXVRG;;;;;;;
CUST-G0CVS4FK6910;;;;;;;
CUST-E0UXM54KT1YC;;;;;;;
CUST-5R8WNIKSFRGB;;;;;;;
CUST-ZVX4J3TGJ7Z2;;;;;;;
CUST-16XUQREYSY41;;;;;;;
CUST-HMJ3754ZFAHF;;;;;;;
CUST-NTZP6KL93AFQ;;;;;;;
CUST-CIN4RCW68HO9;;;;;;;
CUST-LOK8H88LKWZ0;;;;;;;
CUST-4G7GPDCWO60F;;;;;;;
CUST-PNB67X54QUVH;;;;;;;
CUST-WGU5EQQ0S7SJ;;;;;;;
CUST-TSL6QPDEXQ1K;;;;;;;
CUST-VMYA2QE3TT5W;;;;;;;
CUST-ZHNGHYF8PXPA;;;;;;;
CUST-D89XRD22I1PA;;;;;;;
CUST-9XG3QLDLKXSP;;;;;;;
CUST-TNBXB2ACGL97;;;;;;;
CUST-Q17ABF59617M;;;;;;;
CUST-2A7AAHGJESJJ;;;;;;;
CUST-BT7CMBN2HOWI;;;;;;;
CUST-YD9J6QBHZAL9;;;;;;;
CUST-H1K9FRL9ZBIF;;;;;;;
CUST-IOW39CAYMIG1;;;;;;;
CUST-QOV0C3JN0K6U;;;;;;;
CUST-18LIONWBFIGA;;;;;;;
CUST-BFFZE0CEWTHK;;;;;;;
CUST-5ONN1SZP687C;;;;;;;
CUST-VCZPFIAPLJFC;;;;;;;
CUST-00UDDMXO8TU3;;;;;;;
CUST-EFGUYRNG5RW5;;;;;;;
CUST-QA5POLQW65BL;;;;;;;
CUST-LIT7VDN52HTL;;;;;;;
CUST-L7D5P8MTT2Q7;;;;;;;
CUST-V9KUDVQ77YJC;;;;;;;
CUST-DKZ7TPJFYV9H;;;;;;;
CUST-CWCAM1Y9I82G;;;;;;;
CUST-V69C4I0715M5;;;;;;;
CUST-4KTXTV5DV4D6;;;;;;;
CUST-A2UDXR3WFU9V;;;;;;;
CUST-MPDN45QKBN1Y;;;;;;;
CUST-RV6TGSXY3JZW;;;;;;;
CUST-GVMLTBLXQJEP;;;;;;;
CUST-W4S8VDB2H9KI;;;;;;;
CUST-T8OT9UV9QHUA;;;;;;;
CUST-XLFWU2WU77LL;;;;;;;
CUST-HWCGOCHH83Y0;;;;;;;
CUST-9VEU1KS3K26S;;;;;;;
CUST-557XHMY632II;;;;;;;
CUST-DW7KMFUMEISY;;;;;;;
CUST-Q8N2W52DO0MV;;;;;;;
CUST-0XOQ525BDF92;;;;;;;
CUST-LC7QN1FXEO5B;;;;;;;
CUST-NJXUKOTROCM7;;;;;;;
CUST-SRNUODZTKNTM;;;;;;;
CUST-X1DXT84XIDUR;;;;;;;
CUST-JYDAWU02SYLN;;;;;;;
CUST-OYXWADC8SUD0;;;;;;;
CUST-AVYU89LB0SBM;;;;;;;
CUST-2B9QS1SR05BJ;;;;;;;
CUST-XIKKN5WYEHMI;;;;;;;
CUST-EL8OPA7I13PJ;;;;;;;
CUST-GXHZ06NMG8Q9;;;;;;;
CUST-99B8Q0SVYXJ7;;;;;;;
CUST-JEHT9DR90RYG;;;;;;;
CUST-50FLE9ZRY1S4;;;;;;;
CUST-7I1ILC07EL3L;;;;;;;
CUST-MUDBD0D21DNL;;;;;;;
CUST-5LD7FN0J3T8Z;;;;;;;
CUST-VGR42ORECT97;;;;;;;
CUST-1I4BHY59QT04;;;;;;;
CUST-4Q09HYO2V3WP;;;;;;;
CUST-8SECZI9PNGV4;;;;;;;
CUST-7K8TZP20NOAY;;;;;;;
CUST-AT5DKB4HSBKN;;;;;;;
CUST-3NNFIP0OZKGV;;;;;;;
CUST-RTOUXJLARMAM;;;;;;;
CUST-B0T6XST4DGFE;;;;;;;
CUST-4QLE3PWK0UF0;;;;;;;
CUST-HW4SLMSYSFOU;;;;;;;
CUST-E1BQK03GM844;;;;;;;
CUST-3B5Q4ON1VFTT;;;;;;;
CUST-8377QZBFI90V;;;;;;;
CUST-9KEL1ICEQU2F;;;;;;;
CUST-VX0HJS4JU77I;;;;;;;
CUST-BWAWQ1B23L8P;;;;;;;
CUST-4EKIPIA88A66;;;;;;;
CUST-8JOC91ZTQPER;;;;;;;
CUST-Z5L47J05H9TD;;;;;;;
CUST-16YTH5LYIW6A;;;;;;;
CUST-2RNE6ZE2QTK3;;;;;;;
CUST-H3VE7T23GKIG;;;;;;;
CUST-WJR0BN60K01R;;;;;;;
CUST-7KYLJ2E16EX8;;;;;;;
CUST-105LL768VD4T;;;;;;;
CUST-H17K6W7ZSKGI;;;;;;;
CUST-I1WCV0XSA2LB;;;;;;;
CUST-715P1Z141UAQ;;;;;;;
CUST-I6KWQC7OZWWF;;;;;;;
CUST-KCGORZ1A8AHH;;;;;;;
CUST-XMCXOQ3PXZMW;;;;;;;
CUST-KVIEEIECFZCB;;;;;;;
CUST-TSCC5T8Z83WR;;;;;;;
CUST-VU6Z6IU1KA08;;;;;;;
CUST-267PKRF9XP6X;;;;;;;
CUST-BXWNI7ADXPKY;;;;;;;
CUST-Y18YWAYKVDMF;;;;;;;
CUST-630VAS7GJ3FX;;;;;;;
CUST-4B76OE4B3XWI;;;;;;;
CUST-S2P5KJFBCTVW;;;;;;;
CUST-NLOFRX69FH3L;;;;;;;
CUST-B87FWJY8ZK85;;;;;;;
CUST-SWO20LJBY75A;;;;;;;
CUST-BCTSWKRX1FD4;;;;;;;
CUST-OYIOPOTLH7KB;;;;;;;
CUST-WDEQQZFB82HT;;;;;;;
CUST-GKPBWWCI4S4F;;;;;;;
CUST-FJLA72TO2R4L;;;;;;;
CUST-G9L689A77EJG;;;;;;;
CUST-B1S8D21UQVZS;;;;;;;
CUST-Y9MQQBQ6YSFJ;;;;;;;
CUST-ZWGL694O49AC;;;;;;;
CUST-PDHQF6YE9PXB;;;;;;;
CUST-TGVGX63H4B0V;;;;;;;
CUST-9OOY4D7C5KE8;;;;;;;
CUST-X8E5L21JVYNH;;;;;;;
CUST-5AP4MQGSCJQK;;;;;;;
CUST-9ZTBG79IA6AJ;;;;;;;
CUST-LHE68KG8D5IF;;;;;;;
CUST-5QSZGQ8YEH9R;;;;;;;
CUST-BZO70AU0DXE8;;;;;;;
CUST-PYLBV6HMVO8S;;;;;;;
CUST-2UGQKHC77W5U;;;;;;;
CUST-06UHBCDBKI58;;;;;;;
CUST-Q1ITX3E62P49;;;;;;;
CUST-ULA4GDE47QUC;;;;;;;
CUST-PYPWVAFWQZRX;;;;;;;
CUST-PN0UHPA1UY28;;;;;;;
CUST-Z0XMQP5HU0YV;;;;;;;
CUST-S1CSXD0MRVX1;;;;;;;
CUST-5KO5LWUOF5AE;;;;;;;
CUST-SEMO5IIJEQ1S;;;;;;;
CUST-31M88A497FZ3;;;;;;;
CUST-SVB1GGDIAE1V;;;;;;;
CUST-H5YFCMX0V3P4;;;;;;;
CUST-HHY4LHEJ59X2;;;;;;;
CUST-SZMJWVIXVJF1;;;;;;;
CUST-L8IKHOJ01SVK;;;;;;;
CUST-BPRMAQ2HVFWW;;;;;;;
CUST-LP4T4Z6NLLTQ;;;;;;;
CUST-BMSO9BOUBOM6;;;;;;;
CUST-3HPW80HCPK92;;;;;;;
CUST-EWKVE3P89OIE;;;;;;;
CUST-OPATLFKFK0DO;;;;;;;
CUST-E6T6EGH07GMY;;;;;;;
CUST-KXORKO46EF6B;;;;;;;
CUST-P0RM53Y7M4L1;;;;;;;
CUST-RSRFR8RQ75OS;;;;;;;
CUST-BPGLNFDMW4RV;;;;;;;
CUST-UBGH91VJBJ19;;;;;;;
CUST-R8NEEKUF0ESX;;;;;;;
CUST-5PJUH6CDWVH4;;;;;;;
CUST-LUGKHZ801XRU;;;;;;;
CUST-Y7CP1VSAD808;;;;;;;
CUST-EKA438WE0E51;;;;;;;
CUST-RSBKLFNPH2MJ;;;;;;;
CUST-K2J305G4HN2H;;;;;;;
CUST-3BN0O04Y5ANL;;;;;;;
CUST-M8JQN23KLIMH;;;;;;;
CUST-TBHCCFLB040Z;;;;;;;
CUST-DT2G0V4BV7I1;;;;;;;
CUST-4EDAYXAWZIUW;;;;;;;
CUST-Z5VL2A414Y5R;;;;;;;
CUST-9F3TH8IUK5I5;;;;;;;
CUST-RSFMVF0PRDAA;;;;;;;
CUST-HEYUOQ8Z5XM1;;;;;;;
CUST-T0X7R5T7OFVT;;;;;;;
CUST-78QUPU8QD7QH;;;;;;;
CUST-PRCV3W7HXV7J;;;;;;;
CUST-51F2CM6IGGQZ;;;;;;;
CUST-QOQQ8ZO1ZX43;;;;;;;
CUST-VALOY18DPZQC;;;;;;;
CUST-T4K368QSJ3GZ;;;;;;;
CUST-UH31KHV0BUH3;;;;;;;
CUST-JU7R4UIR6ER7;;;;;;;
CUST-P9QI1QEC02VR;;;;;;;
CUST-UL9344EYUDA0;;;;;;;
CUST-6U8XHL8Z5L2S;;;;;;;
CUST-ECRE2NK55VIE;;;;;;;
CUST-L9MQL42PGUSR;;;;;;;
CUST-VKDJ1FMF7ABA;;;;;;;
CUST-F3KZAUWCVZBI;;;;;;;
CUST-ECGC7GUOLKD1;;;;;;;
CUST-1UVIVRWN3ORJ;;;;;;;
CUST-3J7FY95WLGW3;;;;;;;
CUST-ZWHAYZ6ECD9Z;;;;;;;
CUST-9LV9WK8NWPNC;;;;;;;
CUST-KNFW7QFWHNZP;;;;;;;
CUST-3TGRM1BIZKF8;;;;;;;
CUST-CWTJ0WN2OTII;;;;;;;
CUST-MNNP0VP9X9UU;;;;;;;
CUST-XOXG44JNV4E6;;;;;;;
CUST-VWZG0F2ANVTZ;;;;;;;
CUST-3HZ1RMQP3TFF;;;;;;;
CUST-F555M4U50I0G;;;;;;;
CUST-HT02C02BJIGY;;;;;;;
CUST-TWOF4TUN41SH;;;;;;;
CUST-9NF0PE8I6SXL;;;;;;;
CUST-O8R35SR9T3L5;;;;;;;
CUST-8QAIFYXXHIK7;;;;;;;
CUST-EZ8VY2XIMYES;;;;;;;
CUST-Z8EPSC843CNY;;;;;;;
CUST-UN1079XWI3N2;;;;;;;
CUST-IJI7BQAONUY2;;;;;;;
CUST-ANJGBCIOTZC9;;;;;;;
CUST-FRO484KCAO91;;;;;;;
CUST-XYB4OT1VPVRQ;;;;;;;
CUST-FMB50OWVAURB;;;;;;;
CUST-QCFFQ6B7DWOG;;;;;;;
CUST-GM6VBAYAB8SF;;;;;;;
CUST-JUWT13VL3VQF;;;;;;;
CUST-5EZ08FKFEH9P;;;;;;;
CUST-I8X5X72VD72O;;;;;;;
CUST-0WEU5HABQE6R;;;;;;;
CUST-NODYD8XANQ7X;;;;;;;
CUST-YDM1C0OCGZUT;;;;;;;
CUST-4ZOXVXV6S5TD;;;;;;;
CUST-IYXDMN7Q11O4;;;;;;;
CUST-SSNCL5IL84YM;;;;;;;
CUST-1XIVW2JJXFZF;;;;;;;
CUST-0XPQY0ZGC4ZK;;;;;;;
CUST-VBZ2CGT32QB0;;;;;;;
CUST-1QI7DRFDMJ23;;;;;;;
CUST-U2ZDCL8KO7NZ;;;;;;;
CUST-LPXLN6LY84L6;;;;;;;
CUST-PDLWBUM5C6NB;;;;;;;
CUST-Q080QWSZARPH;;;;;;;
CUST-BRDIUKUNCDIX;;;;;;;
CUST-OKN0M2RJUXJ4;;;;;;;
CUST-WHOFX196HQP6;;;;;;;
CUST-GBJYWMSGAFCZ;;;;;;;
CUST-0SRO1DI81B4U;;;;;;;
CUST-EGQ447AHW2QQ;;;;;;;
CUST-AABUO48KX3NO;;;;;;;
CUST-OXD2U6MMLDKE;;;;;;;
CUST-ZCYGVSJRJ0HW;;;;;;;
CUST-MOW8U9L752J8;;;;;;;
CUST-0GNUWDVN57Y0;;;;;;;
CUST-4YML3KJUDWUK;;;;;;;
CUST-JHSV3NXWCA5J;;;;;;;
CUST-7UBWPYD9DH1Z;;;;;;;
CUST-MCO8247PFKMW;;;;;;;
CUST-NYX112ITZKAP;;;;;;;
CUST-66QKHFHYY2QX;;;;;;;
CUST-OBNWVBJHWC2A;;;;;;;
CUST-2XLSORH31TZX;;;;;;;
CUST-9WTYBZ97H9IL;;;;;;;
CUST-1OYBSXTOER1X;;;;;;;
CUST-9UHA1CLHCC87;;;;;;;
CUST-GZ7F0HSZLV34;;;;;;;
CUST-G46SQQR717LZ;;;;;;;
CUST-F6TIGKY2H6WR;;;;;;;
CUST-2ZRYLY7EJ5K4;;;;;;;
CUST-KZM28WJXZBY2;;;;;;;
CUST-B4ZG6LJEDIF5;;;;;;;
CUST-5HNPI5E2PHZ6;;;;;;;
CUST-M1ZM4ZUGGVQ1;;;;;;;
CUST-NG8D9FFL0M1G;;;;;;;
CUST-EWXB20UTZI0M;;;;;;;
CUST-KSFXTBW9GLTC;;;;;;;
CUST-YU1WKOUKNZDG;;;;;;;
CUST-MLJLG2O1MD00;;;;;;;
CUST-X9BPT6XM7FLB;;;;;;;
CUST-84AAPVN2SVR4;;;;;;;
CUST-N3FHWRHSX64Z;;;;;;;
CUST-5FUSWWVFIXDE;;;;;;;
CUST-6HR8UN4AGS6L;;;;;;;
CUST-B4XSZRIEIK4Z;;;;;;;
CUST-TWVLDW5W0030;;;;;;;
CUST-HO6NGC9KVJVU;;;;;;;
CUST-G4QRO9UDF7JE;;;;;;;
CUST-8J6ZGWDB3YG1;;;;;;;
CUST-D0P0VB3VG7G6;;;;;;;
CUST-KOWACXVDEHH3;;;;;;;
CUST-E34VEIR4GC3U;;;;;;;
CUST-R7XZ7PCE7D9P;;;;;;;
CUST-26T84FOYIGGM;;;;;;;
CUST-OW439DHHUDOQ;;;;;;;
CUST-OBNR9LRXT4EZ;;;;;;;
CUST-3K66CV0OHH7Q;;;;;;;
CUST-EF6LEE9YP7OF;;;;;;;
CUST-J83IMFPOHNLK;;;;;;;
CUST-QO8YJ636BMKS;;;;;;;
CUST-HOKOYGZPO4RP;;;;;;;
CUST-5EVOG9USACGJ;;;;;;;
CUST-VX0VVW5UUXMW;;;;;;;
CUST-BGMKBC8RPBNZ;;;;;;;
CUST-ZK1EFPKVKT73;;;;;;;
CUST-L7KKK2IYSNTB;;;;;;;
CUST-TMD3OCVKDZUP;;;;;;;
CUST-OEPXR1Z7PMFL;;;;;;;
CUST-OJBUM5MRORQF;;;;;;;
CUST-L2XUXYMDPEWJ;;;;;;;
CUST-WEHQX3B461AF;;;;;;;
CUST-C5ICFWY7EXI4;;;;;;;
CUST-RSN3KJNE2QBV;;;;;;;
CUST-DQLVK0IW7BXK;;;;;;;
CUST-QKHUYW35UEN3;;;;;;;
CUST-CN627UY4RDBF;;;;;;;
CUST-WTYYBTAKDS0B;;;;;;;
CUST-5VUODIA54F9G;;;;;;;
CUST-ALUO6GMM8EIQ;;;;;;;
CUST-L2ST2JHI7K9O;;;;;;;
CUST-G899O5PCHEPJ;;;;;;;
CUST-O0MQIZ2G1VTM;;;;;;;
CUST-PH8BFCHIGL60;;;;;;;
CUST-3SGIC5UBE8RH;;;;;;;
CUST-4AOKJ23APZZ6;;;;;;;
CUST-1Z8U1IYX32NU;;;;;;;
CUST-IUXVVX6WVQK2;;;;;;;
CUST-V73RCZ67AA4T;;;;;;;
CUST-1BT8PSH9UQD5;;;;;;;
CUST-D8IOFHVUFX3Y;;;;;;;
CUST-NG8VBS6L21GL;;;;;;;
CUST-1UH2P8YV304N;;;;;;;
CUST-N2COTTMBBIKQ;;;;;;;
CUST-CG23SXJDRNYR;;;;;;;
CUST-4SG1L6OVE09W;;;;;;;
CUST-R12I0KSAOIVB;;;;;;;
CUST-D523Y2EF8GMI;;;;;;;
CUST-DFLPASVNJS5K;;;;;;;
CUST-853HMDKWSX8Y;;;;;;;
CUST-AX5QPS1DLAKS;;;;;;;
CUST-LDTNLBJTV3PN;;;;;;;
CUST-CLFQU7WN71CQ;;;;;;;
CUST-WCB0YXI1L71H;;;;;;;
CUST-7NROQ65V3YAY;;;;;;;
CUST-AX4C1UQR1M37;;;;;;;
CUST-SEYSXROIO1PZ;;;;;;;
CUST-PD1NP7O5I3DY;;;;;;;
CUST-SGVC2ZF3BGOW;;;;;;;
CUST-C89VJ4MBNPI2;;;;;;;
CUST-DA6FL9VQ2SFH;;;;;;;
CUST-I748P44RCYV2;;;;;;;
CUST-KUNSRMS9OTHC;;;;;;;
CUST-KGJ94CWEYE4B;;;;;;;
CUST-XN844ZWFIJAB;;;;;;;
CUST-7WAMOE5MZR4Q;;;;;;;
CUST-M345YIVLJK94;;;;;;;
CUST-4156OAAI6FZD;;;;;;;